pickup,dropoff,reward
"4097 U S Highway 280, Alexander City, AL 35010","123 Main St, Anytown, USA",15.0
"7300 Hwy 431 North, Albertville, AL 35951","123 Main St, Anytown, USA",15.0
"4097 Us Highway 280, Alexander City, AL 35010","123 Main St, Anytown, USA",15.0
"7959 Us Hwy 431, Albertville, AL 35950","123 Main St, Anytown, USA",15.0
"977 Jefferson St, Alexander City, AL 35010","123 Main St, Anytown, USA",15.0
"7375 Hwy 431, Albertville, AL 35950","123 Main St, Anytown, USA",15.0
"3140 Highway 280, Alexander City, AL 35010","123 Main St, Anytown, USA",15.0
"Alabama 75, Albertville, AL 35950","123 Main St, Anytown, USA",15.0
"1905 Us Highway 431, Boaz, AL 35957-5915","123 Main St, Anytown, USA",15.0
"11635 Us Highway 431, Guntersville, AL 35976","123 Main St, Anytown, USA",15.0
"14232 U.S. 431, Guntersville, AL 35976","123 Main St, Anytown, USA",15.0
"8081 Us 431, Albertville, AL 35950","123 Main St, Anytown, USA",15.0
"2263 Us Highway 431, Boaz, AL 35957","123 Main St, Anytown, USA",15.0
"3848 Alabama Highway 79 South, Guntersville, AL 35976","123 Main St, Anytown, USA",15.0
"12383 U.S. 431, Guntersville, AL 35976","123 Main St, Anytown, USA",15.0
"110 East Main Street, Albertville, AL 35950","123 Main St, Anytown, USA",15.0
"10850 Alabama 168, Boaz, AL 35957","123 Main St, Anytown, USA",15.0
"128 Alabama Highway 75, Albertville, AL 35950","123 Main St, Anytown, USA",20.0
"7921 Us Highway 431, Albertville, AL 35950","123 Main St, Anytown, USA",15.0
"Paddle Wheel Drive, Guntersville, AL 35976","123 Main St, Anytown, USA",15.0
"1441 Sunset Drive, Guntersville, AL 35976","123 Main St, Anytown, USA",24.5
"11521 Us Highway 431, Guntersville, AL 35976","123 Main St, Anytown, USA",15.0
"755 Hwy 431, Albertiville, AL 35950","123 Main St, Anytown, USA",15.0
"7285 Us Hwy 431, Albertville, AL 35950","123 Main St, Anytown, USA",15.0
"7448 Us Hwy 431, Albertville, AL 35950","123 Main St, Anytown, USA",15.0
"8171 Us Highway 431, Albertville, AL 35950","123 Main St, Anytown, USA",15.0
"7661 U.S. 431 Ste 100, Albertville, AL 35950","123 Main St, Anytown, USA",15.0
"6815 Hwy 431 South, Albertville, AL 35950","123 Main St, Anytown, USA",15.0
"711 Miller Street, Albertville, AL 35950","123 Main St, Anytown, USA",15.0
"425 S Mccleskey St #544, Boaz, AL 35957","123 Main St, Anytown, USA",15.0
"7398 Us Highway 431, Albertville, AL 35950","123 Main St, Anytown, USA",15.0
"900 Highland Avenue, Albertville, AL 35951","123 Main St, Anytown, USA",15.0
"7343 Us Highway 431, Albertville, AL 35950","123 Main St, Anytown, USA",15.0
"203 W Mckinney Ave Suite B, Albertville, AL 35950","123 Main St, Anytown, USA",15.0
"2200 Gilbreath Street, Guntersville, AL 35976","123 Main St, Anytown, USA",15.0
"8835 Us Hwy 431, Albertville, AL 35950","123 Main St, Anytown, USA",15.0
"7155 Us Highway 431, Albertville, AL 35950","123 Main St, Anytown, USA",15.0
"8171 U.S. 431, Albertville, AL 35950","123 Main St, Anytown, USA",15.0
"525 Baltimore Avenue, Albertville, AL 35950","123 Main St, Anytown, USA",15.0
"6181 Us Hwy 431, ALBERTVILLE, AL 35950","123 Main St, Anytown, USA",15.0
"220 Leon Smith Parkway, Oxford, AL 36203","123 Main St, Anytown, USA",19.0
"20 Commons Way, Oxford, AL 36203","123 Main St, Anytown, USA",24.5
"1021 Pelham Road South, Jacksonville, AL 36265","123 Main St, Anytown, USA",15.0
"5630 Mcclellan Boulevard, Anniston, AL 36206","123 Main St, Anytown, USA",15.0
"5600 Mccleelan Boulevard, Anniston, AL 36202","123 Main St, Anytown, USA",15.0
"40 Ali Way, Oxford, AL 36203","123 Main St, Anytown, USA",15.0
"81 Big Valley Drive, Alexandria, AL 36250","123 Main St, Anytown, USA",15.0
"5624 Mcclellan Boulevard, Anniston, AL 36206","123 Main St, Anytown, USA",15.0
"1118 Noble Street, Anniston, AL 36201","123 Main St, Anytown, USA",15.0
"3234 Mcclellan Blvd., Anniston, AL 36201","123 Main St, Anytown, USA",15.0
"554 N Brindlee Mountain Pkwy, Arab, AL 35016","123 Main St, Anytown, USA",15.0
"700 Quintard Drive, FC-1, Oxford, AL 36203","123 Main St, Anytown, USA",15.0
"1143 N Brindlee Mountain Pkwy, Arab, AL 35016","123 Main St, Anytown, USA",15.0
"1818 Quintard Avenue, Anniston, AL 36201","123 Main St, Anytown, USA",21.5
"111 N Brindlee Mountain Pkwy, Arab, AL 35016","123 Main St, Anytown, USA",15.0
"702 South Pelham Road, Jacksonville, AL 36265","123 Main St, Anytown, USA",15.0
"2423 Old Huntsville Highway, Arab, AL 35016","123 Main St, Anytown, USA",15.0
"1829 Quintard Ave, Anniston, AL 35758","123 Main St, Anytown, USA",15.0
"209 3rd Avenue Northwest, Arab, AL 35016","123 Main St, Anytown, USA",15.0
"2312 N Brindlee Mtn Pkway, Arab, AL 35016","123 Main St, Anytown, USA",15.0
"1925 Quintard Ave, Anniston, AL 36201","123 Main St, Anytown, USA",15.0
"1012 North Brindle Mountian Parkway, Arab, AL 35016","123 Main St, Anytown, USA",15.0
"2000 Quintard Ave, Anniston, AL 36201","123 Main St, Anytown, USA",15.0
"109 North Main Street, Arab, AL 35016","123 Main St, Anytown, USA",15.0
"657 Snow St, Oxford, AL 36203","123 Main St, Anytown, USA",15.0
"1264 North Brindel Parkway, Arab, AL 35016","123 Main St, Anytown, USA",15.0
"759 N Brindlee Mountain Pkwy, Arab, AL 35016","123 Main St, Anytown, USA",15.0
"401 South Quintard Avenue, Anniston, AL 36201","123 Main St, Anytown, USA",15.0
"1204 N. Brindlee Mountain Pkwy., ARAB, AL 35016","123 Main St, Anytown, USA",15.0
"2109 Quintard Ave, Anniston, AL 36201","123 Main St, Anytown, USA",15.0
"4004 U.S. 431, Anniston, AL 36206","123 Main St, Anytown, USA",15.0
"40 Ali Way, Oxford, AL 36203","123 Main St, Anytown, USA",15.0
"4 East 43rd Street, Anniston, AL 36206","123 Main St, Anytown, USA",21.5
"631 Quintard Ave, Anniston, AL 36201","123 Main St, Anytown, USA",15.0
"1611 Pelham Road S., Jacksonville, AL 36265","123 Main St, Anytown, USA",15.0
"1725 Broadwell Mill Road Jacksonville, AL 36265","123 Main St, Anytown, USA",15.0
"5430 Mcclellan Blvd, Anniston, AL 36206","123 Main St, Anytown, USA",15.0
"2413 Highway 431 North, ANNISTON, AL 36206","123 Main St, Anytown, USA",15.0
"18 Big Valley Road, Alexandria, AL 36250","123 Main St, Anytown, USA",15.0
"8003 Highway 53, Toney, AL 35773","123 Main St, Anytown, USA",22.0
"26462 1st St, Ardmore, AL 35739","123 Main St, Anytown, USA",15.0
"26462 1st St, Ardmore, AL 35739","123 Main St, Anytown, USA",15.0
"29901 Jones Avenue, Ardmore, AL 35739","123 Main St, Anytown, USA",15.0
"27926 Main St, Ardmore, AL 35739","123 Main St, Anytown, USA",15.0
"2190 Ross Clark Circle, Dothan, AL 36301","123 Main St, Anytown, USA",15.0
"2190 Ross Clark Circle, Dothan, AL 36301","123 Main St, Anytown, USA",24.0
"3371 S. Oates Street, Dothan, AL 36301","123 Main St, Anytown, USA",15.0
"3850 West Main Street , Unit 402, Dothan, AL 36303","123 Main St, Anytown, USA",24.5
"1774 Montgomery Hwy, Dothan, AL 36303","123 Main St, Anytown, USA",23.5
"3205 S. Oates Street, Dothan, AL 36301","123 Main St, Anytown, USA",21.5
"3083 Montgomery Highway, Dothan, AL 36303-2160","123 Main St, Anytown, USA",22.0
"2371 Murphy Mill Rd Ste 6, Dothan, AL 36303","123 Main St, Anytown, USA",24.0
"3106 Ross Clark Circle, Dothan, AL 36303","123 Main St, Anytown, USA",23.5
"1905 East Main Street, Dothan, AL 36301","123 Main St, Anytown, USA",22.5
"3777 Montgomery Hwy, Dothan, AL 36303","123 Main St, Anytown, USA",20.0
"3421 Ross Clark Circle, Dothan, AL 36303","123 Main St, Anytown, USA",24.0
"2004 Ross Clark Circle, Dothan, AL 36301","123 Main St, Anytown, USA",24.5
"144 N Foster Street, Dothan, AL 36303","123 Main St, Anytown, USA",15.0
"1912 Se Ross Clark Cir, Dothan, AL 36301","123 Main St, Anytown, USA",15.0
"3050 Ross Clark Circle, Dothan, AL 36301","123 Main St, Anytown, USA",21.0
"3255 South Oates Street. Suite 8, Dothan, AL 36301","123 Main St, Anytown, USA",15.0
"3430 S Oates St, Dothan, AL 36301","123 Main St, Anytown, USA",15.0
"104 Rock Bridge Road , Suite 3, Dothan, AL 36303","123 Main St, Anytown, USA",23.5
"520 N Oates St, Dothan, AL 36303","123 Main St, Anytown, USA",23.5
"2203 Ross Clark Circle S. W., Dothan, AL 36301","123 Main St, Anytown, USA",22.5
"3116 Montgomery Hwy, Dothan, AL 36303","123 Main St, Anytown, USA",22.0
"3074 Ross Clark Circle, Dothan, AL 36301","123 Main St, Anytown, USA",15.0
"1368 Westgate Parkway, Dothan, AL 36303","123 Main St, Anytown, USA",15.0
"3835 West Main Street, #5, Dothan, AL 36305","123 Main St, Anytown, USA",15.0
"3054 Ross Clark Circle Sw, Dothan, AL 36301","123 Main St, Anytown, USA",15.0
"429 North Broadway Street, Ashford, AL 36312","123 Main St, Anytown, USA",15.0
"3835 West Main Street, Dothan, AL 36305","123 Main St, Anytown, USA",15.0
"1390 Ross Clark Circle, Dothan, AL 36301","123 Main St, Anytown, USA",15.0
"3431 Ross Clark Circle, Dothan, AL 36303","123 Main St, Anytown, USA",15.0
"2777 W Main Street, Dothan, AL 36301","123 Main St, Anytown, USA",23.0
"102 1st Avenue, Ashford, AL 36312","123 Main St, Anytown, USA",15.0
"386 North Oates Street, Dothan, AL 36303","123 Main St, Anytown, USA",23.0
"1865 E Main St, Dothan, AL 36301","123 Main St, Anytown, USA",24.5
"1865 East Main Street, Dothan, AL 36301","123 Main St, Anytown, USA",24.5
"3182 Montgomery Highway, Dothan, AL 36303","123 Main St, Anytown, USA",23.5
"3120 Ross Clark Circle, Dothan, AL 36303","123 Main St, Anytown, USA",15.0
"1640 Ross Clark Circle, Dothan, AL 36301","123 Main St, Anytown, USA",15.0
"1111 Ross Clark Circle, Dothan, AL 36301","123 Main St, Anytown, USA",15.0
"2627 S Oates St, Dothan, AL 36301","123 Main St, Anytown, USA",15.0
"3340 Ross Clark Circle, Dothan, AL 36303","123 Main St, Anytown, USA",15.0
"3083 Montgomery Highway Dothan, AL","123 Main St, Anytown, USA",21.5
"3456 Ross Clark Circle, Dothan, AL 36303","123 Main St, Anytown, USA",15.0
"2585 Ross Clark Circle, Dothan, AL 36301","123 Main St, Anytown, USA",15.0
"2236 Ross Clark Circle Sw, Dothan, AL 36301","123 Main St, Anytown, USA",15.0
"3050 Ross Clark Circle S.W., Dothan, AL 36301","123 Main St, Anytown, USA",15.0
"301 Midland Street, Ashford, AL 36312","123 Main St, Anytown, USA",23.5
"1001 Commons Drive, Dothan, AL 36303","123 Main St, Anytown, USA",15.0
"3320 Montgomery Hwy, Dothan, AL 36303","123 Main St, Anytown, USA",20.5
"1801 Ross Clark Cir, Dothan, AL 36301","123 Main St, Anytown, USA",20.5
"4871 Mongtomery Hwy, Dothan, AL 36303","123 Main St, Anytown, USA",15.0
"1708 Westgate Pkwy, Dothan, AL 36303","123 Main St, Anytown, USA",15.0
"2190 Ross Clark Circle, Dothan, AL 36301","123 Main St, Anytown, USA",15.0
"3320 Montgomery Hwy, Dothan, AL 36303","123 Main St, Anytown, USA",15.0
"3320 Montgomery Highway, Dothan, AL 36303","123 Main St, Anytown, USA",15.0
"2743 Montgomery Hwy #1010, Dothan, AL 36303","123 Main St, Anytown, USA",15.0
"900 Commons Dr, Dothan, AL 36303","123 Main St, Anytown, USA",15.0
"2312 S Oates St, Dothan, AL 36301","123 Main St, Anytown, USA",15.0
"177 Campbellton Hwy, Dothan, AL 36301","123 Main St, Anytown, USA",15.0
"104 Apple Ave Ste 5, Dothan, AL 36303","123 Main St, Anytown, USA",15.0
"1550 Westgate Pkwy Suite 1,2,3, Dothan, AL 36303","123 Main St, Anytown, USA",15.0
"4440 W Main St Ste 6, Dothan, AL 36303","123 Main St, Anytown, USA",15.0
"425 North Broadway Street, Ashford, AL 36312","123 Main St, Anytown, USA",15.0
"220 East Powell Street, Dothan, AL 36303","123 Main St, Anytown, USA",15.0
"4863 Montgomery Hwy, Dothan, AL 36303","123 Main St, Anytown, USA",15.0
"560 Westgate Pkwy, Dothan, AL 36303","123 Main St, Anytown, USA",15.0
"3518 Ross Clark Cir, Dothan, AL 36303","123 Main St, Anytown, USA",15.0
"184 S Oates St, Dothan, AL 36301","123 Main St, Anytown, USA",15.0
"3320 Montgomery Hwy, Dothan, AL 36303","123 Main St, Anytown, USA",15.0
"1087 Ross Clark Circle, Dothan, AL 36301","123 Main St, Anytown, USA",20.5
"3064 Ross Clark Cir, Dothan, AL 36301","123 Main St, Anytown, USA",15.0
"1932 Old Hwy 84, Ashford, AL 36312","123 Main St, Anytown, USA",15.0
"3400 Montgomery Hwy, Dothan, AL 36303","123 Main St, Anytown, USA",15.0
"411 North Broadway Street, Ashford, AL 36312","123 Main St, Anytown, USA",15.0
"2115 East Main St, Suite 8, Dothan, AL 36301","123 Main St, Anytown, USA",22.5
"123 Tree Crest Rd, Dothan, AL 36301","123 Main St, Anytown, USA",15.0
"2432 Helena Rd, AL 35080","123 Main St, Anytown, USA",23.5
"245 S. Colonial Drive, Alabaster, AL 35007","123 Main St, Anytown, USA",19.0
"140 Market Center Drive, Alabaster, AL 35007","123 Main St, Anytown, USA",15.0
"450 Colonial Promenade Pkwy, Alabaster, AL 35007","123 Main St, Anytown, USA",15.0
"360 Cahaba Valley Road, Pelham, AL 35124","123 Main St, Anytown, USA",22.0
"520 Highway 119, ALABASTER, AL 35040","123 Main St, Anytown, USA",15.0
"250 S Colonial Dr, Alabaster, AL 35007","123 Main St, Anytown, USA",15.0
"5000 Bond Boulevard, Bessemer, AL 35022","123 Main St, Anytown, USA",20.0
"1990 New Patton Chapel Road, Hoover, AL 35226","123 Main St, Anytown, USA",23.5
"3780 Riverchase Village Ste. 110, Hoover, AL 35244","123 Main St, Anytown, USA",25.0
"181 Main St, Hoover, AL 35244","123 Main St, Anytown, USA",23.0
"3232 Galleria Cir, Birmingham, AL 35244","123 Main St, Anytown, USA",20.5
"3075 John Hawkins Pkwy, D-E, Hoover, AL 35244","123 Main St, Anytown, USA",22.5
"630 Cahaba Valley Road, Pelham, AL 35124","123 Main St, Anytown, USA",23.0
"3300 Pelham Pkwy, AL 35124","123 Main St, Anytown, USA",24.0
"1801 Carolina Ave., Bessemer, AL 35020","123 Main St, Anytown, USA",15.0
"634 1st St Ne, Alabaster, AL 35007","123 Main St, Anytown, USA",15.0
"400 Cahaba Valley Rd, Pelham, AL 35124","123 Main St, Anytown, USA",21.5
"100 South Colonial Drive , Suite 600, Alabaster, AL 35007","123 Main St, Anytown, USA",15.0
"Riverchase Galleria & Montgomery Highway South, Hoover, AL 35244","123 Main St, Anytown, USA",15.0
"400 Cahaba Valley Rd, Pelham, AL 35124","123 Main St, Anytown, USA",15.0
"4351 Creekside Ave., Hoover, AL 35244","123 Main St, Anytown, USA",15.0
"4330 Creekside Ave, Birmingham, AL 35244","123 Main St, Anytown, USA",22.5
"3032 John Hawkins Pkwy, Hoover, AL 35244","123 Main St, Anytown, USA",23.0
"1539 Montgomery Highway, Hoover, AL 35216","123 Main St, Anytown, USA",22.5
"478 1st Street Sw, Alabaster, AL 35007","123 Main St, Anytown, USA",15.0
"1851 Montgomery Highway Suites 107, 109 And 111, Hoover, AL 35244","123 Main St, Anytown, USA",15.0
"10874 Alabama 25, Calera, AL 35040","123 Main St, Anytown, USA",15.0
"1851 Montgomery Highway, Hoover, AL 35244","123 Main St, Anytown, USA",15.0
"114 East Meighan Boulevard, Gadsden, AL 35903","123 Main St, Anytown, USA",15.0
"101 Enterprise Drive, Gadsden, AL 35954","123 Main St, Anytown, USA",15.0
"101 Taylor Drive, Gadsden, AL 35904","123 Main St, Anytown, USA",22.0
"354 East Meighan Blvd, Gadsden, AL 35903","123 Main St, Anytown, USA",15.0
"1722 Rainbow Drive, Gadsen, AL 35901","123 Main St, Anytown, USA",25.0
"957 West Meighan Boulevard, Gadsden, AL 35901","123 Main St, Anytown, USA",15.0
"917 Rainbow Drive, Gadsden, AL 35901","123 Main St, Anytown, USA",15.0
"510 E Meighan Blvd # 7, Gadsden, AL 35903","123 Main St, Anytown, USA",15.0
"1725 Rainbow Drive, Gadsden, AL 35901","123 Main St, Anytown, USA",15.0
254 S College St Gadsden AL 35901,"123 Main St, Anytown, USA",15.0
"404 East Meighan Boulevard , Suite 200, Gadsden, AL 35903","123 Main St, Anytown, USA",15.0
"1001 Rainbow Drive, Gadsden, AL 35901","123 Main St, Anytown, USA",15.0
"701 Gilbert Ferry Road Southeast, Attalla, AL 35954","123 Main St, Anytown, USA",15.0
"3331 Rainbow Drive, RAINBOW CITY, AL 35906","123 Main St, Anytown, USA",15.0
"973 Gilbert Ferry Rd., Attalla, AL 35954","123 Main St, Anytown, USA",15.0
"3506 Rainbow Drive, Rainbow City, AL 35906","123 Main St, Anytown, USA",15.0
"1414 Rainbow Drive, Gadsden, AL 35901","123 Main St, Anytown, USA",15.0
"508 E Meighan Blvd, Gadsden, AL 35903","123 Main St, Anytown, USA",22.5
"198 E Meighan Blvd, Gadsden, AL 35903","123 Main St, Anytown, USA",15.0
"1510 Rainbow Drive, Gadsden, AL 35901","123 Main St, Anytown, USA",15.0
"1724 W. Grand Ave., Gadsden, AL 35904","123 Main St, Anytown, USA",15.0
"91 East Chestnut Street, Gadsden, AL 35903","123 Main St, Anytown, USA",22.0
"967 Gilberts Ferry Rd, Attalla, AL 35906","123 Main St, Anytown, USA",15.0
"1001 Rainbow Drive, Gadsden, AL 35901","123 Main St, Anytown, USA",15.0
"1980 Al-77, Southside, AL 35907","123 Main St, Anytown, USA",15.0
"2525 Forrest Avenue, Gadsden, AL 35904","123 Main St, Anytown, USA",15.0
"2905 Rainbow Drive, Rainbow City, AL 35906","123 Main St, Anytown, USA",15.0
"2225 West Meighan Boulevard, Gadsden, AL 35904","123 Main St, Anytown, USA",15.0
"825 Rainbow Drive, Gadsden, AL 35901","123 Main St, Anytown, USA",15.0
"70 Whorton Bend Road, Rainbow City, AL 35906","123 Main St, Anytown, USA",15.0
"3333 Rainbow Drive, Rainbow City, AL 35906","123 Main St, Anytown, USA",15.0
"970 Gilbert Ferry Rd Se, Attalla, AL 35954","123 Main St, Anytown, USA",15.0
"529 Broad Street, Gadsden, AL 35901","123 Main St, Anytown, USA",15.0
"3434 Rainbow Dr, Rainbow City, AL 35906","123 Main St, Anytown, USA",15.0
"3403 Rainbow Drive, RAINBOW CITY, AL 35040","123 Main St, Anytown, USA",15.0
"500 Cherry St, Attalla, AL 35954","123 Main St, Anytown, USA",15.0
"608 5th Ave Ne, Attalla, AL 35954","123 Main St, Anytown, USA",15.0
"13026 Us-431, Boaz, AL 35956","123 Main St, Anytown, USA",15.0
"292 Bryant Road, Boaz, AL 35956","123 Main St, Anytown, USA",15.0
"1075 Sardis Dr, Sardis City, AL 35956","123 Main St, Anytown, USA",15.0
"354 East Meighan Blvd, Gadsden, AL 35903","123 Main St, Anytown, USA",15.0
"12982 U.S. 431, Sardis City, AL 35956","123 Main St, Anytown, USA",15.0
"5405 Highway 90 West Service Road, Mobile, AL 36619","123 Main St, Anytown, USA",22.0
"4429 Rangeline Road, Mobile, AL 36619","123 Main St, Anytown, USA",22.5
"13876 S Wintzell Ave, Bayou La Batre, AL 36509","123 Main St, Anytown, USA",15.0
"5466 Inn Rd, Mobile, AL 36619","123 Main St, Anytown, USA",19.5
"5437 Highway 90 W., Mobile, AL 36619","123 Main St, Anytown, USA",21.5
"5000 Rangeline Crossing Drive South, Suite G, Tillmans Corner, AL 36619","123 Main St, Anytown, USA",15.0
"13195 N Wintzell Ave, Bayou La Batre, AL 36509","123 Main St, Anytown, USA",15.0
"12495 Padgett Switch Rd, Irvington, AL 36544","123 Main St, Anytown, USA",15.0
"14060 S Wintzell Ave, Bayou La Batre, AL 36509","123 Main St, Anytown, USA",15.0
"5452 U.S. 90, Mobile, AL 36619","123 Main St, Anytown, USA",20.0
"4385 Range Line Rd., Mobile, AL 36619","123 Main St, Anytown, USA",21.0
"4419 Rangline Rd., Mobile, AL 36619","123 Main St, Anytown, USA",15.0
"8175 Hwy 90 West, Irvington, AL 36544","123 Main St, Anytown, USA",15.0
"5392 Hwy 90 West, Mobile, AL 36619","123 Main St, Anytown, USA",22.0
"2480 Palomino Lane, Forestdale, AL 35214","123 Main St, Anytown, USA",23.0
"2473 Hackworth Rd, Adamsville, AL 35214","123 Main St, Anytown, USA",15.0
"1551 Forestdale Blvd, AL 35214","123 Main St, Anytown, USA",15.0
"2246 Bessemer Road, Birmingham, AL 35208","123 Main St, Anytown, USA",20.5
"1101 Forestdale Blvd, Birmingham, AL 35214","123 Main St, Anytown, USA",19.0
"2228 Bessemer Road, BIRMINGHAM, AL 35040","123 Main St, Anytown, USA",15.0
"1800 24th St Sw, Birmingham, AL 35211","123 Main St, Anytown, USA",15.0
"3387 Lowery Parkway, Fultondale, AL 35068","123 Main St, Anytown, USA",21.5
"2268 9th Ave N, Birmingham, AL 35203","123 Main St, Anytown, USA",21.0
"1920 29th Ave. S, Birmingham, AL 35209","123 Main St, Anytown, USA",23.5
"1715 Decatur Highway, Coalburg, AL 35068","123 Main St, Anytown, USA",22.0
"8601 1st Avenue North, Birmingham, AL 35206","123 Main St, Anytown, USA",23.5
"219 Forrest Road, Hueytown, AL 35023","123 Main St, Anytown, USA",21.5
"2808 7th Avenue South, Birmingham, AL 35233","123 Main St, Anytown, USA",22.5
"1717 Finley Blvd, Birmingham, AL 35204","123 Main St, Anytown, USA",18.5
"2145 Bessemer Rd, Birmingham, AL 35210","123 Main St, Anytown, USA",20.0
"1229 Forestdale Boulevard, AL 35214","123 Main St, Anytown, USA",15.0
"1278 Oak Grove Road, Birmingham, Birmingham, AL 35209","123 Main St, Anytown, USA",21.5
"7001 Crestwood Blvd, Ste 114, Birmingham, AL 35213","123 Main St, Anytown, USA",15.0
"1709 Fulton Rd, Fultondale, AL 35068","123 Main St, Anytown, USA",15.0
"1278 Oak Grove Road, Birmingham, AL 35209","123 Main St, Anytown, USA",15.0
"308 Oxmoor Rd, Homewood, AL 35209","123 Main St, Anytown, USA",24.0
"808 Green Springs Highway, Homewood, AL 35209","123 Main St, Anytown, USA",22.0
"808 Green Springs Highway, Homewood, AL 35209","123 Main St, Anytown, USA",15.0
"1428 Forestdale Blvd, Birmingham, AL 35214","123 Main St, Anytown, USA",15.0
"224 Daniel Payne Drive, Birmingham, AL 35207","123 Main St, Anytown, USA",15.0
"2419 Acton Rd, Vestavia Hills, AL 35243","123 Main St, Anytown, USA",15.0
"4736 Ea, STERN VALLEY ROAD, BESSEMER, AL 35040","123 Main St, Anytown, USA",15.0
"3064 Warrior River Road, Hueytown, AL 35023","123 Main St, Anytown, USA",22.0
"1815 9th Ave N, Bessemer, AL 35020","123 Main St, Anytown, USA",15.0
"501 West Town Plaza, Bessemer, AL 35020","123 Main St, Anytown, USA",15.0
"216 Summit Blvd Ste 135, Birmingham, AL 35243","123 Main St, Anytown, USA",23.5
"794 Allison-Bonnett Memorial Drive, Dolomite, AL 35061","123 Main St, Anytown, USA",22.5
"1818 Ninth Avenue North, Bessemer, AL 35020","123 Main St, Anytown, USA",23.0
"601 Montgomery Hwy, Vestavia Hills, AL 35216","123 Main St, Anytown, USA",15.0
"501 W Town Plz,, Bessemer, AL 35020","123 Main St, Anytown, USA",22.0
"932 9th Ave N, Bessemer, AL 35020","123 Main St, Anytown, USA",21.5
"1831 28th Ave. South Suite 106, Homewood, AL 35209","123 Main St, Anytown, USA",25.0
"541-B Graymont Ave, Birmingham, AL 35204","123 Main St, Anytown, USA",15.0
"5060 Academy Lane, Bessemer, AL 35022","123 Main St, Anytown, USA",21.5
"180 State Farm Pkwy,, Birmingham, AL 35209","123 Main St, Anytown, USA",22.0
"5190 Medford Drive, 114, Hoover, AL 35244","123 Main St, Anytown, USA",21.0
"113 20th Street South, Birmingham, AL 35233","123 Main St, Anytown, USA",15.0
"225 State Farm Parkway , Suite 101, Homewood, AL 35209","123 Main St, Anytown, USA",22.0
"901 9th Avenue North, BESSEMER, AL 35040","123 Main St, Anytown, USA",15.0
"2000 Riverchase Galleria, Hoover, AL 35244","123 Main St, Anytown, USA",15.0
"1910 11th Avenue South, Birmingham, AL 35205","123 Main St, Anytown, USA",15.0
"4911 Cahaba River Rd, Vestavia Hills, AL 35243","123 Main St, Anytown, USA",22.5
"3027 Central Ave, Homewood, AL 35209","123 Main St, Anytown, USA",24.5
"2109 6th Ave S, Birmingham, AL 35233","123 Main St, Anytown, USA",22.5
"2000 Galleria Circle, Birmingham, AL 35244","123 Main St, Anytown, USA",15.0
"225 Summit Blvd Ste. 100, Birmingham, AL 35243","123 Main St, Anytown, USA",15.0
"1400 University Blvd, Birmingham, AL 35233","123 Main St, Anytown, USA",21.5
"1539 Montgomery Highway, Hoover, AL 35216","123 Main St, Anytown, USA",15.0
"1926 29th Avenue South, Homewood, AL 35209","123 Main St, Anytown, USA",23.0
"3147 Green Valley Rd, Vestavia, AL 35243","123 Main St, Anytown, USA",15.0
"1518 9th Ave N Ste 120, Bessemer, AL 35020","123 Main St, Anytown, USA",23.5
"1901 11th Ave S, Birmingham, AL 35205","123 Main St, Anytown, USA",15.0
"2760 John Hawkins Parkway #100, Hoover, AL 35244","123 Main St, Anytown, USA",15.0
"1515 Pearson Ave Sw, Birmingham, AL 35211","123 Main St, Anytown, USA",15.0
"2015 5th Ave N, Birmingham, AL 35203","123 Main St, Anytown, USA",15.0
"1845 Montgomery Highway South, Suite 207, Hoover, AL 35244","123 Main St, Anytown, USA",15.5
"2520 4th Avenue South, Birmingham, AL 35233","123 Main St, Anytown, USA",15.0
"541 Graymont Avenue West, Birmingham, AL 35204","123 Main St, Anytown, USA",15.0
"541-B Graymont Ave, Birmingham, AL 35204","123 Main St, Anytown, USA",15.0
"2000 Highland Ave S, Birmingham, AL 35205","123 Main St, Anytown, USA",23.5
"808 Green Springs Hwy, 140, Homewood, AL 35209","123 Main St, Anytown, USA",22.5
"3321 Lorna Rd, Hoover, AL 35216","123 Main St, Anytown, USA",23.0
"282 Palisades Blvd, Birmingham, AL 35209","123 Main St, Anytown, USA",23.0
"1918 11th Ave S, Birmingham, AL 35205","123 Main St, Anytown, USA",24.0
"706 Valley Ave, Birmingham, AL 35209","123 Main St, Anytown, USA",23.5
"3000 19th St S, Homewood, AL 35209","123 Main St, Anytown, USA",23.5
"611 Richard Arrington Jr Blvd S, Birmingham, AL 35233","123 Main St, Anytown, USA",22.5
"99 Euclid Ave, Birmingham, AL 35213","123 Main St, Anytown, USA",23.5
"1926 28th Ave. South, Birmingham, AL 35209","123 Main St, Anytown, USA",24.0
"4441 Creekside Ave, Hoover, AL 35244","123 Main St, Anytown, USA",23.5
"808 Green Springs Hwy, Homewood, AL 35209","123 Main St, Anytown, USA",23.5
"1920 29th Ave S, Homewood, AL 35209","123 Main St, Anytown, USA",24.0
"1801 4th Ave S, 115, Birmingham, AL 35233","123 Main St, Anytown, USA",23.0
"105 River Square Plz, Hueytown, AL 35023","123 Main St, Anytown, USA",20.0
"1427 14th Ave S, Birmingham, AL 35205","123 Main St, Anytown, USA",22.5
"2112 7th Ave South, Birmingham, AL 35233","123 Main St, Anytown, USA",24.0
"233 Summit Blvd, Birmingham, AL 35243","123 Main St, Anytown, USA",23.0
"595 Brookwood Vlg, Homewood, AL 35209","123 Main St, Anytown, USA",22.0
"2707 18th St S, Birmingham, AL 35209","123 Main St, Anytown, USA",23.0
"191 Main St, Hoover, AL 35244","123 Main St, Anytown, USA",15.0
"1831 28th Ave S, Homewood, AL 35209","123 Main St, Anytown, USA",15.0
"2000 Pelham Parkway, AL 35244","123 Main St, Anytown, USA",23.5
"2800 Cahaba Village Plz Suite 145, Birmingham, AL 35243","123 Main St, Anytown, USA",23.5
"1851 Montgomery Hwy S, Birmingham, AL 35244","123 Main St, Anytown, USA",23.5
"1830 29th Ave S, Birmingham, AL 35209","123 Main St, Anytown, USA",24.0
"1024 Marble Ter Ste 102, Hoover, AL 35244","123 Main St, Anytown, USA",21.0
"2780 Allison Bonnett Memorial Dr Ste 106, Hueytown, AL 35023","123 Main St, Anytown, USA",24.5
"191 W Valley Ave, 108, Homewood, AL 35209","123 Main St, Anytown, USA",22.5
"2821 Central Ave, Suite 109, Homewood, AL 35209","123 Main St, Anytown, USA",15.0
"3439 Colonnade Parkway, Birmingham, AL 35243","123 Main St, Anytown, USA",15.0
"808 20th St S, Birmingham, AL 35205","123 Main St, Anytown, USA",15.0
"5831 1st Ave N, Birmingham, AL 35212","123 Main St, Anytown, USA",15.0
"3014 Allison Bonnett Memorial Dr, Hueytown, AL 35023","123 Main St, Anytown, USA",15.0
"5975 Service Road (Trussville), Birmingham, AL 35235","123 Main St, Anytown, USA",19.0
"4689 Pinson Blvd, AL 35126","123 Main St, Anytown, USA",15.0
"1600 Huffman Road, Center Point, AL 35215","123 Main St, Anytown, USA",19.5
"2000 Center Point Parkway Center Point, AL","123 Main St, Anytown, USA",15.0
"100 20th Ave Ne, Center Point, AL 35215","123 Main St, Anytown, USA",19.5
"4701 Center Point Road, Pinson, AL 35126","123 Main St, Anytown, USA",21.5
"1654 Gadsden Highway, Birmingham, AL 35235","123 Main St, Anytown, USA",15.0
"1430 Gadsden Hwy Ste 108, Trussville, AL 35235","123 Main St, Anytown, USA",23.0
"1845 Center Point Pkwy, AL 35215","123 Main St, Anytown, USA",18.5
"3049 John Hawkins Parkway, Hoover, AL 35244","123 Main St, Anytown, USA",24.0
"7268 Gadsden Highway, Trussville, AL 35173","123 Main St, Anytown, USA",24.0
"4685 Highway 17, HELENA, AL 59601","123 Main St, Anytown, USA",15.0
"2050 Gadsden Hwy Suite 108, Birmingham, AL 35235","123 Main St, Anytown, USA",24.5
"Valleydale Court & Valleydale Road, Birmingham, AL 35244","123 Main St, Anytown, USA",15.0
"4009 Vanderbilt Road, Birmingham, AL 35217","123 Main St, Anytown, USA",21.5
"345 South Colonial Dr, Alabaster, AL 35007","123 Main St, Anytown, USA",25.0
"2346 Center Point Pkwy, Birmingham, AL 35215","123 Main St, Anytown, USA",24.0
"100 South Colonial Drive, Alabaster, AL 35007","123 Main St, Anytown, USA",24.5
"1114 1st St N, Alabaster, AL 35007","123 Main St, Anytown, USA",23.0
"1917 Edwards Lake Rd, Birmingham, AL 35235","123 Main St, Anytown, USA",19.0
"438 1st Street Southwest, Alabaster, AL 35007","123 Main St, Anytown, USA",25.0
"1917 Edwards Lake Road, Trussville, AL 35235","123 Main St, Anytown, USA",15.0
"200 1st Street South, Alabaster, AL 35007","123 Main St, Anytown, USA",15.0
"9256 Parkway East, Birmingham, AL 35206","123 Main St, Anytown, USA",22.5
"1653 Center Point Road, Birmingham, AL 35215","123 Main St, Anytown, USA",21.5
"5915 Trussville Crossings Parkway, Birmingham, AL 35235","123 Main St, Anytown, USA",15.0
"3633 Jaybird Rd, Brighton, AL 35020","123 Main St, Anytown, USA",15.5
"2700 Riverchase Galleria Ste 110 Birmingham, AL 35244","123 Main St, Anytown, USA",24.0
"837 Park Rd, Pleasant Grove, AL 35127","123 Main St, Anytown, USA",25.0
"191 Main St, Hoover, AL 35244","123 Main St, Anytown, USA",23.0
"275 Forest Rd, Hueytown, AL 35023","123 Main St, Anytown, USA",22.5
"1594 Montgomery Hwy, Hoover, AL 35216","123 Main St, Anytown, USA",23.0
"200 Summit Blvd., Birmingham, AL 35243","123 Main St, Anytown, USA",24.0
"1908 11th Ave S, Birmingham, AL 35205","123 Main St, Anytown, USA",22.5
"1535 Montgomery Hwy, Hoover, AL 35216","123 Main St, Anytown, USA",23.0
"5040 Academy Lane, Bessemer, AL 35022","123 Main St, Anytown, USA",21.5
"3419 Colonnade Pkwy #100, Birmingham, AL 35243","123 Main St, Anytown, USA",23.5
"2880 Allison-Bonnett Memorial Dr., Bessemer, AL 35023","123 Main St, Anytown, USA",21.5
"2751 Allison Bonnet Memorial Hwy, HUEYTOWN, AL 35023","123 Main St, Anytown, USA",20.5
"1800 19th Street, Bessemer, AL 35021","123 Main St, Anytown, USA",15.0
"585 Brookwood Village, Birmingham, AL 35209","123 Main St, Anytown, USA",24.0
"104 Bessemer Super Highway, Midfield, AL 35228","123 Main St, Anytown, USA",22.0
"5634 Grove Blvd., Hoover, AL 35226","123 Main St, Anytown, USA",22.0
"5219 Peridot Place , Suite 3, Hoover, AL 35244","123 Main St, Anytown, USA",23.0
"1031 Montgomery Highway, Vestavia Hills, AL 35216","123 Main St, Anytown, USA",24.0
"1924 11th Ave S, Birmingham, AL 35205","123 Main St, Anytown, USA",20.5
"231 State Farm Pkwy Suite 101 Homewood, AL 35209","123 Main St, Anytown, USA",23.0
"1694 Montgomery Hwy, Hoover, AL 35216","123 Main St, Anytown, USA",23.0
"1349 Hueytown Rd, AL 35023","123 Main St, Anytown, USA",21.0
"2801 18th Street South, Homewood, AL 35209","123 Main St, Anytown, USA",23.5
"1551 Montgomery Highway, Vestavia Hills, AL 35216","123 Main St, Anytown, USA",22.0
"2341 John Hawkins Pkwy, 119, Birmingham, AL 35244-3503","123 Main St, Anytown, USA",23.5
"1701 1st Avenue South, Birmingham, AL 35233","123 Main St, Anytown, USA",22.0
"1801 4th Avenue South , Suite 103, Birmingham, AL 35233","123 Main St, Anytown, USA",22.0
"2657 Valleydale Rd, Hoover, AL 35244","123 Main St, Anytown, USA",18.5
"700 Montgomery Hwy, Birmingham, AL 35216","123 Main St, Anytown, USA",23.5
"212 Country Club Park, Mountain Brk, AL 35213","123 Main St, Anytown, USA",23.5
"3447 Lorna Road, Hoover, AL 35216","123 Main St, Anytown, USA",24.0
"1017 Oxmoor Road, Birmingham, AL 35209","123 Main St, Anytown, USA",23.0
"2000 Galleria Cir, Birmingham, AL 35244","123 Main St, Anytown, USA",15.0
"1100 Forestdale Blvd, Birmingham, AL 35214","123 Main St, Anytown, USA",19.5
"1159 Bankhead Highway West, Birmingham, AL 35204","123 Main St, Anytown, USA",19.5
"270 Rele St,, Mountain Brook, AL 35223","123 Main St, Anytown, USA",23.0
"2943 John Hawkins Pkwy, Hoover, AL 35244","123 Main St, Anytown, USA",23.5
"810 Inverness Corners, Birmingham, AL 35242","123 Main St, Anytown, USA",23.5
"2701 18th Street South, Birmingham, AL 35205","123 Main St, Anytown, USA",22.5
"1680 Montclair Rd , Suite 1100, Irondale, AL 35210","123 Main St, Anytown, USA",21.5
"2201 2nd Ave S, Birmingham, AL 35233","123 Main St, Anytown, USA",21.5
"3719 3rd Ave S, Birmingham, AL 35222","123 Main St, Anytown, USA",23.0
"1030 Montgomery Hwy. South, Vestavia Hills, AL 35216","123 Main St, Anytown, USA",21.5
"3133 Lorna Rd, 112, Hoover, AL 35216","123 Main St, Anytown, USA",21.0
"3044 Allison-Bonnett Memorial Drive, Bessemer, AL 35023","123 Main St, Anytown, USA",21.5
"1831 28th Ave S, Ste N101, Homewood, AL 35209","123 Main St, Anytown, USA",24.0
"707 Richard Arrington Junior Boulevard South, 103b, Birmingham, AL 35233","123 Main St, Anytown, USA",23.0
"2802 Lakeshore Parkway, Birmingham, AL 35211","123 Main St, Anytown, USA",22.0
"1545 Montclair Road, Birmingham, AL 35210","123 Main St, Anytown, USA",22.0
"807 1st Street North, Alabaster, AL 35007","123 Main St, Anytown, USA",15.0
"710 Bank Street, Birmingham, AL 35224","123 Main St, Anytown, USA",21.5
"1717 28th Ave S, Birmingham, AL 35209","123 Main St, Anytown, USA",22.0
"755 Shades Mountain Plaza, Hoover, AL 35226","123 Main St, Anytown, USA",19.5
"5000 Bond Blvd, Bessemer, AL 35022","123 Main St, Anytown, USA",14.5
"2700 Riverchase Galleria Ste 110 Birmingham, AL 35244","123 Main St, Anytown, USA",20.5
"2300 Woodcrest Pl, Birmingham, AL 35209","123 Main St, Anytown, USA",15.0
"3117 Lorna Rd, Hoover, AL 35216","123 Main St, Anytown, USA",19.5
"109 Wildwood Pkwy, Birmingham, AL 35209","123 Main St, Anytown, USA",15.0
"2260 Pelham Pkwy, AL 35124","123 Main St, Anytown, USA",15.0
"4500 Valleydale Rd, Birmingham, AL 35242","123 Main St, Anytown, USA",24.0
"917 Allison-Bonnett Memorial Dr, Hueytown, AL 35023","123 Main St, Anytown, USA",15.0
"2149 Bessemer Rd, Birmingham, AL 35208","123 Main St, Anytown, USA",15.0
"4730 Chace Cir, Hoover, AL 35244","123 Main St, Anytown, USA",25.0
"2751 Allison-Bonnett Memorial Drive, Hueytown, AL 35023","123 Main St, Anytown, USA",19.0
"2451 Crossplex Blvd, Birmingham, AL 35208","123 Main St, Anytown, USA",15.0
"4505 Riverview Parkway, Birmingham, AL 35242","123 Main St, Anytown, USA",23.5
"813 Shades Crest Road, Birmingham, AL 35226","123 Main St, Anytown, USA",15.0
"4503 Riverview Pkwy, Birmingham, AL 35242","123 Main St, Anytown, USA",15.0
"616 Preserve Pkwy, Hoover, AL 35226","123 Main St, Anytown, USA",15.0
"103 Summit Blvd., Birmingham, AL 35243","123 Main St, Anytown, USA",22.5
" 209 41st St S Birmingham, AL","123 Main St, Anytown, USA",22.5
"1821 2nd Ave N # 170,, Birmingham, AL 35203","123 Main St, Anytown, USA",15.0
"208 State Farm Pkwy, Birmingham, AL 35209","123 Main St, Anytown, USA",15.0
"2146 Tyler Road, Hoover, AL 35226","123 Main St, Anytown, USA",15.0
"3014 Allison-Bonnett Memorial Drive, Bessemer, AL 35023","123 Main St, Anytown, USA",15.0
"1516 9th Avenue North, Bessemer, AL 35020","123 Main St, Anytown, USA",15.0
"2943 John Hawkins Parkway, Hoover, AL 35244","123 Main St, Anytown, USA",19.5
"1100 Forestdale Blvd., Birminham, AL 63112","123 Main St, Anytown, USA",15.0
"215 Lakeshore Parkway, Birmingham, AL 35209","123 Main St, Anytown, USA",15.0
"2017 Avenue F, Birmingham, AL 35218","123 Main St, Anytown, USA",19.0
"2780 John Hawkins Parkway, Hoover, AL 35244","123 Main St, Anytown, USA",15.0
"242 Forest Road, Bessemer, AL 35023","123 Main St, Anytown, USA",15.0
"3659 Lorna Rd, Birmingham, AL 35216","123 Main St, Anytown, USA",15.0
"1278 Oak Grove Road, Birmingham, AL 35209","123 Main St, Anytown, USA",15.0
"1278 Oak Grove Road, Birmingham, AL 35209","123 Main St, Anytown, USA",15.0
"821 Allison Bonnett Memorial Dr, Bessemer, AL 35023","123 Main St, Anytown, USA",15.0
"500 Old Town Rd, Birmingham, AL 35216","123 Main St, Anytown, USA",15.0
"180 Oxmoor Blvd, Homewood, AL 35209","123 Main St, Anytown, USA",15.0
"5000 Bond Blvd., Bessemer, AL 35022","123 Main St, Anytown, USA",15.0
"1371 Bessemer Road, Birmingham, AL 35208","123 Main St, Anytown, USA",15.0
"5904 5th Street South, Bessemer, AL 35020","123 Main St, Anytown, USA",15.0
"821 Allison Bonnett Memorial Dr, Ste F, Hueytown, AL 35023","123 Main St, Anytown, USA",15.0
"1732 15th St N, Bessemer, AL 35020","123 Main St, Anytown, USA",15.0
"757 Academy Dr, Bessemer, AL 35022","123 Main St, Anytown, USA",15.0
"5204 Bessemer Super Hwy, Brighton, AL 35020","123 Main St, Anytown, USA",15.0
"3321 Lorna Rd, Birmingham, AL 35216","123 Main St, Anytown, USA",15.0
"1615 Montgomery Hwy, 132, Birmingham, AL 35216","123 Main St, Anytown, USA",22.5
"109 19th Street North, Bessemer, AL 35020","123 Main St, Anytown, USA",15.0
"5040 Academy Lane, Bessemer, AL 35022","123 Main St, Anytown, USA",15.0
"1429 Woodward Road, Midfield, AL 35228","123 Main St, Anytown, USA",15.0
"2943 John Hawkins Pkwy, Hoover, AL 35244","123 Main St, Anytown, USA",24.0
"266 Forest Road, Hueytown, AL 35023","123 Main St, Anytown, USA",22.0
"1821 2nd Avenue North, Birmingham, AL 35203","123 Main St, Anytown, USA",15.0
"4780 Eastern Valley Road, McCalla, AL 35022","123 Main St, Anytown, USA",15.0
"5020 Academy Lane, Bessemer, AL 35022","123 Main St, Anytown, USA",15.0
"3030 Dartmouth Avenue, Bessemer, AL 35020","123 Main St, Anytown, USA",20.0
"1681 Montgomery Hwy, Hoover, AL 35216","123 Main St, Anytown, USA",23.5
"2000 Riverchase Galleria, Birmingham, AL 35244","123 Main St, Anytown, USA",15.0
"1940 Bessemer Rd, Birmingham, AL 35208","123 Main St, Anytown, USA",22.0
"1017 Oxmoor Rd, Birmingham, AL 35209","123 Main St, Anytown, USA",24.5
"2341 John Hawkins Parkway, Suite 117, Hoover, AL 35226","123 Main St, Anytown, USA",21.0
"2910 18th Street South, Homewood, AL 35209","123 Main St, Anytown, USA",24.0
"737 29th Street South, Birmingham, AL 35233","123 Main St, Anytown, USA",22.0
"2301 Richard Arrington Jr Blvd North, 100, Birmingham, AL 35203","123 Main St, Anytown, USA",21.5
"560 West Town Plaza, Bessemer, AL 35020","123 Main St, Anytown, USA",15.0
"740 Academy Drive, Bessemer, AL 35022","123 Main St, Anytown, USA",15.0
"4760 Eastern Valley Road, Bessemer, AL 35111","123 Main St, Anytown, USA",23.5
"1601 9th Avenue North, Bessemer, AL 35020","123 Main St, Anytown, USA",15.0
"526 19th Street Ensley, Birmingham, AL 35218","123 Main St, Anytown, USA",15.0
"1709 Fulton Rd, Fultondale, AL 35068","123 Main St, Anytown, USA",21.5
"801 20th St S, Birmingham, AL 35205","123 Main St, Anytown, USA",16.0
"1821 2nd Avenue North, #120, Birmingham, AL 35203","123 Main St, Anytown, USA",15.0
"10 14th Street, Bessemer, AL 35020","123 Main St, Anytown, USA",15.0
"2835 18th St S, Birmingham, AL 35209","123 Main St, Anytown, USA",15.0
"1678 Montgomery Hwy, Hoover, AL 35216","123 Main St, Anytown, USA",15.0
"1924 1st Avenue North, Bessemer, AL 35020","123 Main St, Anytown, USA",15.0
"144 River Square Plaza, Hueytown, AL 35023","123 Main St, Anytown, USA",15.0
2751 AL,"123 Main St, Anytown, USA",15.5
"1920 8th Ave N, Bessemer, AL 35020","123 Main St, Anytown, USA",15.0
"258 Forest Rd, Hueytown, AL 35023","123 Main St, Anytown, USA",15.0
"216 19th Street North, Bessemer, AL 35020","123 Main St, Anytown, USA",15.0
"1813 10th Ct S, Birmingham, AL 35205","123 Main St, Anytown, USA",15.0
"4847 Richard Arrington Junior Boulevard North, Birmingham, AL 35212","123 Main St, Anytown, USA",15.0
"2760 John Hawkins Parkway, Hoover, AL 35244","123 Main St, Anytown, USA",15.0
"3811 Clairmont Ave S, Birmingham, AL 35222","123 Main St, Anytown, USA",15.0
"Two Chase Corporate Drive , Suite 10, Hoover, AL 35244","123 Main St, Anytown, USA",15.0
"2125 Highland Ave, Birmingham, AL 35205","123 Main St, Anytown, USA",15.0
"2721 Cahaba Rd, Mountain Brook, AL 35223","123 Main St, Anytown, USA",15.0
"778 2nd St,, Helena, AL 35080","123 Main St, Anytown, USA",15.0
"2501 Avenue E, Birmingham, AL 35218","123 Main St, Anytown, USA",15.0
"4500 Richard Arrington Junior Boulevard North, Birmingham, AL 35212","123 Main St, Anytown, USA",15.0
"358 Hollywood Blvd, Birmingham, AL 35223","123 Main St, Anytown, USA",15.0
"7100 Aaron Aronov Dr., Fairfield, AL 35064","123 Main St, Anytown, USA",23.5
"2296 Pelham Parkway, AL 35124","123 Main St, Anytown, USA",15.0
"344 Finley Avenue West, Birmingham, AL 35204","123 Main St, Anytown, USA",15.0
"1806 Avenue V, BIRMINGHAM, AL 35218","123 Main St, Anytown, USA",15.0
"5816 Lake Cyrus Blvd, Birmingham, AL 35244","123 Main St, Anytown, USA",15.0
"150 Main St, Hoover, AL 35244","123 Main St, Anytown, USA",15.0
"321 20th St N, Birmingham, AL 35203","123 Main St, Anytown, USA",15.0
"1678 Montgomery Highway, Birmingham, AL 35216","123 Main St, Anytown, USA",15.0
"1371 Bessemer Rd, Birmingham, AL 35208","123 Main St, Anytown, USA",22.0
"310 Cahaba Valley Rd, Pelham, AL 35124","123 Main St, Anytown, USA",15.0
"2301 Richard Arrington Jr Blvd N, Birmingham, AL 35203","123 Main St, Anytown, USA",15.0
"707 Richard Arrington Jr Blvd S, Birmingham, AL 35233-2105","123 Main St, Anytown, USA",15.0
"2520 12th Ave. N, Birmingham, AL 35234","123 Main St, Anytown, USA",15.0
"2709 7th Ave S, Birmingham, AL 35233","123 Main St, Anytown, USA",15.0
"2800 Cahaba Village Plz, Mountain Brook, AL 35243","123 Main St, Anytown, USA",22.5
"166 W Valley Ave, Birmingham, AL 35209","123 Main St, Anytown, USA",15.0
"1024 20th Street South, Birmingham, AL 35205","123 Main St, Anytown, USA",15.0
"400 19th Street Ensley, Birmingham, AL 35218","123 Main St, Anytown, USA",15.0
"1486 Minor Parkway, Birmingham, AL 35224","123 Main St, Anytown, USA",15.0
"512 Reverend Abraham Woods Jr Blvd, Birmingham, AL 35204","123 Main St, Anytown, USA",15.0
"2031 Cahaba Rd, Mountain Brook, AL 35223","123 Main St, Anytown, USA",15.0
"1845 Montgomery Hwy South, Hoover, AL 35244","123 Main St, Anytown, USA",15.0
"2208 6th Avenue South, Birmingham, AL 35233","123 Main St, Anytown, USA",15.0
"1928 Vanderbilt Rd, Birmingham, AL 35234","123 Main St, Anytown, USA",15.0
"1905 Park Place, Birmingham, AL 35203","123 Main St, Anytown, USA",21.0
"833 Park Road, Pleasant Grove, AL 35127","123 Main St, Anytown, USA",15.0
"2740 John Hawkins Parkway, Hoover, AL 35244","123 Main St, Anytown, USA",18.5
"2201 2nd Ave S Suite 105,, Birmingham, AL 35233","123 Main St, Anytown, USA",23.0
"314 17th St N, Birmingham, AL 35203","123 Main St, Anytown, USA",23.0
"2000 Riverchase Galleria, Hoover, AL 35244","123 Main St, Anytown, USA",15.0
"3437 Pelham Pkwy, AL 35124","123 Main St, Anytown, USA",24.0
"105 South Colonial Dr, Alabaster, AL 35007","123 Main St, Anytown, USA",15.0
"2381 Helena Rd, AL 35080","123 Main St, Anytown, USA",15.0
"1580 Montgomery Highway, Hoover, AL 35226","123 Main St, Anytown, USA",15.0
"479 Green Springs Hwy, Birmingham, AL 35209","123 Main St, Anytown, USA",21.0
"340 Inverness Corners, Birmingham, AL 35242","123 Main St, Anytown, USA",21.5
"1801 4th Avenue South, Birmingham, AL 35233","123 Main St, Anytown, USA",15.0
"1801 4th Avenue South, Ste 115, Birmingham, AL 35233","123 Main St, Anytown, USA",15.0
"1801 4th Avenue South, Ste 115, Birmingham, AL 35233","123 Main St, Anytown, USA",18.0
"1948 Montgomery Hwy, Birmingham, AL 35244","123 Main St, Anytown, USA",24.0
"2798 John Hawkins Pkwy #108, Hoover, AL 35244","123 Main St, Anytown, USA",23.0
"1a 20th Street South, Birmingham, AL 35233","123 Main St, Anytown, USA",20.5
"5519 Grove Blvd, Hoover, AL 35226","123 Main St, Anytown, USA",24.0
"401 19th St S, Birmingham, AL 35233","123 Main St, Anytown, USA",23.0
"3102 Allison-Bonnett Memorial Dr, Hueytown, AL 35023","123 Main St, Anytown, USA",23.5
"1020 20th St S, Birmingham, AL 35205","123 Main St, Anytown, USA",22.5
"3321 Lorna Rd, Birmingham, AL 35216","123 Main St, Anytown, USA",22.0
"1024 20th Street South, 14, Birmingham, AL 35205","123 Main St, Anytown, USA",23.5
"22 Green Springs Highway, Homewood, AL 35209","123 Main St, Anytown, USA",21.5
"1911 Cahaba Rd, Birmingham, AL 35223","123 Main St, Anytown, USA",23.0
"1841 Hwy 31 S Ste 105, Hoover, AL 35244","123 Main St, Anytown, USA",24.5
"22 Green Springs Highway, Birmingham, AL 35209","123 Main St, Anytown, USA",21.0
"1801 4th Avenue South, Ste 115, Birmingham, AL 35233","123 Main St, Anytown, USA",15.0
"1024 20th Street South Unit 101, Birmingham, AL 35205","123 Main St, Anytown, USA",15.0
"1218 20th Street South, Birmingham, AL 35205","123 Main St, Anytown, USA",15.0
"4647 Hwy. 280 S, Birmingham, AL 35242","123 Main St, Anytown, USA",15.0
"940 20th St South, Birmingham, AL 35205","123 Main St, Anytown, USA",24.5
"1360 Montgomery Hwy 128, Vestavia Hills, AL 35216","123 Main St, Anytown, USA",22.5
"425 Helena Market Place, AL 35080","123 Main St, Anytown, USA",24.0
"7201 Aaron Aronov Drive, Fairfield, AL 35064","123 Main St, Anytown, USA",15.0
"932 Oxmoor Rd, Birmingham, AL 35209","123 Main St, Anytown, USA",15.0
"4741 Chace Circle, Suite 113 Hoover, AL 35244","123 Main St, Anytown, USA",23.5
"420 Richard Arrington Junior Boulevard South, Birmingham, AL 35233","123 Main St, Anytown, USA",23.0
"3431 Colonnade Parkway Ste 400, Birmingham, AL 35243","123 Main St, Anytown, USA",23.5
"2142 Tyler Rd, Birmingham, AL 35226","123 Main St, Anytown, USA",22.0
"1919 28th Ave S, Homewood, AL 35209","123 Main St, Anytown, USA",15.0
"1919 28th Ave S, Birmingham, AL 35209","123 Main St, Anytown, USA",23.0
"3435 South Shades Crest Road, Hoover, AL 35226","123 Main St, Anytown, USA",23.5
"790 Montgomery Hwy, Vestavia Hills, AL 35216","123 Main St, Anytown, USA",23.5
"301 18th Street South, Birmingham, AL 35233","123 Main St, Anytown, USA",15.0
"7001 Crestwood Blvd, Birmingham, AL 35210","123 Main St, Anytown, USA",15.0
"1623 2nd Avenue North , Suite B, Birmingham, AL 35203","123 Main St, Anytown, USA",15.0
"100 Bessemer Super Hwy, Birmingham, AL 35228","123 Main St, Anytown, USA",22.0
"2808 7th Avenue South, Birmingham, AL 35233","123 Main St, Anytown, USA",23.5
"4524 Southlake Pkwy, Hoover, AL 35244","123 Main St, Anytown, USA",15.0
"2516 Rocky Ridge Road, Vestavia Hills, AL 35243","123 Main St, Anytown, USA",15.0
"2050 Gadsden Highway, Birmingham, AL 35235","123 Main St, Anytown, USA",22.5
"9325 Parkway E, Birmingham, AL 35235","123 Main St, Anytown, USA",15.0
"220 Gadsden Highway Off I-59 At Roebuck Parkway, BIRMINGHAM, AL 35040","123 Main St, Anytown, USA",15.0
"2148 Sweeney Hollow Road, Birmingham, AL 35215","123 Main St, Anytown, USA",25.0
"3215 Endeavor Ln, Vestavia, AL 35242","123 Main St, Anytown, USA",15.0
"1521 Pinson Valley Parkway, Birmingham, AL 35217","123 Main St, Anytown, USA",15.0
"1420 Gadsden Hwy, Trussville, AL 35235","123 Main St, Anytown, USA",24.5
"433 Huffman Rd, Center Point, AL 35235","123 Main St, Anytown, USA",15.0
"234 Cahaba Valley Rd, Pelham, AL 35124","123 Main St, Anytown, USA",15.0
"295 Alabaster Blvd, AL 35007","123 Main St, Anytown, USA",23.0
"4741 Chace Circle Ste 105, Hoover, AL 35244","123 Main St, Anytown, USA",24.5
"3780 Riverchase Village , Suite 1000, Hoover, AL 35244","123 Main St, Anytown, USA",24.0
"1493 1st Ave N, ALABASTER, AL 35007","123 Main St, Anytown, USA",22.0
"4730 Chace Lake Circle, Suite 128, Hoover, AL 35244","123 Main St, Anytown, USA",22.5
"2170 Kent Dairy Road, Alabaster, AL 35007","123 Main St, Anytown, USA",23.0
"199 Supercenter Drive, Calera, AL 35040","123 Main St, Anytown, USA",23.0
"2991 Highway 95, Helena, AL 35080","123 Main St, Anytown, USA",15.0
"1028 Marble Terrace , Suite 100, Hoover, AL 35244","123 Main St, Anytown, USA",24.0
"2556 Helena Road Suite A, AL 35080","123 Main St, Anytown, USA",15.0
"5184 Caldwell Mill Rd, Birmingham, AL 35244","123 Main St, Anytown, USA",25.0
"1114 1st Street North, Suite 300, Alabaster, AL 35007","123 Main St, Anytown, USA",23.0
"1231 1st Street North, Alabaster, AL 35007","123 Main St, Anytown, USA",15.0
"6442 U.S. 31, Calera, AL 35040","123 Main St, Anytown, USA",15.0
"9940 Hwy 119, Alabaster, AL 35007","123 Main St, Anytown, USA",15.0
"565 1st Street North, Alabaster, AL 35007","123 Main St, Anytown, USA",21.5
"2754 Pelham Pkwy, AL 35124","123 Main St, Anytown, USA",15.0
"5070 Highway 31, Calera, AL 35040","123 Main St, Anytown, USA",15.0
"681 1st Street South West, Alabaster, AL 35007","123 Main St, Anytown, USA",15.0
"29 Lake Davidson Ln, Helena, AL 35080","123 Main St, Anytown, USA",15.0
"750 Colonial Promenade Parkway, Suite 5200, Alabaster, AL 35007","123 Main St, Anytown, USA",20.5
"5299 Valleydale Road, Birmingham, AL 35242","123 Main St, Anytown, USA",15.0
"634 1st St N, Alabaster, AL 35007","123 Main St, Anytown, USA",15.0
"101 Super Center Drive, Calera, AL 35040","123 Main St, Anytown, USA",15.0
"9200 Highway 17, Alabaster, AL 35114","123 Main St, Anytown, USA",15.0
"400 Cahaba Valley Rd, Pelham, AL 35124","123 Main St, Anytown, USA",15.0
"400 Cahaba Valley Rd, Pelham, AL 35124","123 Main St, Anytown, USA",15.0
"2693 County Road 95, Helena, AL 35080","123 Main St, Anytown, USA",15.0
"4257 Highway 52 W, Helena, AL 35080","123 Main St, Anytown, USA",15.0
"9340 Helena Rd, Birmingham, AL 35244","123 Main St, Anytown, USA",15.0
"2846 Pelham Parkway, AL 35124","123 Main St, Anytown, USA",15.0
"470 Colonial Promenade Pkwy, Alabaster, AL 35007","123 Main St, Anytown, USA",15.0
"7645 Hwy 119, Alabaster, AL 35007","123 Main St, Anytown, USA",15.0
"411 1st St N, Alabaster, AL 35007","123 Main St, Anytown, USA",15.0
"8919 Highway 119, Alabaster, AL 35007","123 Main St, Anytown, USA",15.0
"1207 1st Street North, Alabaster, AL 35007","123 Main St, Anytown, USA",15.0
"2834 Pelham Pkwy, AL 35124","123 Main St, Anytown, USA",15.0
"5519 Grove Blvd #137, Hoover, AL 35226","123 Main St, Anytown, USA",22.5
"1556 1st Street North, Alabaster, AL 35007","123 Main St, Anytown, USA",24.0
"125 Colonial Promenade Pkwy, Alabaster, AL 35007","123 Main St, Anytown, USA",15.0
"780 Colonial Promenade Pkwy, Alabaster, AL 35007","123 Main St, Anytown, USA",15.0
"1241 Valley Street, Montevallo, AL 35115","123 Main St, Anytown, USA",15.0
"1100 1st Street South, Alabaster, AL 35007","123 Main St, Anytown, USA",15.0
"9970 Highway 119, Alabaster, AL 35007","123 Main St, Anytown, USA",15.0
"300 S Colonial Dr, Alabaster, AL 35007","123 Main St, Anytown, USA",15.0
"3314 Pelham Parkway, AL 35124","123 Main St, Anytown, USA",15.0
"224 Daniel Payne Drive N, Birmingham, AL 35207","123 Main St, Anytown, USA",21.5
3321 Lorna Rd Birmingham AL 35216,"123 Main St, Anytown, USA",15.0
"9200 Highway 119, Alabaster, AL 35007","123 Main St, Anytown, USA",15.0
"500 Old Town Rd, Birmingham, AL 35216","123 Main St, Anytown, USA",15.0
"149 Buck Creek Plaza, Alabaster, AL 35007","123 Main St, Anytown, USA",15.0
"4524 Southlake Parkway, Hoover, AL 35244","123 Main St, Anytown, USA",15.0
"466 1st St Sw, Alabaster, AL 35007","123 Main St, Anytown, USA",21.5
"630 1st Street North, Alabaster, AL 35007","123 Main St, Anytown, USA",15.0
"100 Huntley Parkway, PELHAM, AL 35040","123 Main St, Anytown, USA",15.0
"7001 Crestwood Boulevard, 606, Birmingham, AL 35213","123 Main St, Anytown, USA",24.5
"2050 Gadsden Highway, Suite 100, Birmingham, AL 35235","123 Main St, Anytown, USA",23.0
"901 Fieldstown Road, Gardendale, AL 35071","123 Main St, Anytown, USA",22.5
"9332 Parkway East, Birmingham, AL 35215","123 Main St, Anytown, USA",22.5
"5029 Pinnacale Square, Birmingham, AL 35235","123 Main St, Anytown, USA",15.0
"1725 Fulton Road, Fultondale, AL 35068","123 Main St, Anytown, USA",20.0
"4817 Pinson Valley Pkwy, Birmingham, AL 35215","123 Main St, Anytown, USA",19.0
"1024 20th Street South Unit 101, Birmingham, AL 35205","123 Main St, Anytown, USA",15.0
"1821 N 2nd Ave, Birmingham, AL 35203","123 Main St, Anytown, USA",15.0
"2000 Galleria Circle, Birmingham, AL 35244","123 Main St, Anytown, USA",15.0
"1801 4th Ave S, Birmingham, AL 35233","123 Main St, Anytown, USA",23.5
"4704 Cahaba River Rd, Vestavia, AL 35243","123 Main St, Anytown, USA",23.5
"1801 4th Ave S, Birmingham, AL 35233-1944","123 Main St, Anytown, USA",15.0
"2000 Galleria Circle, Birmingham, AL 35244","123 Main St, Anytown, USA",15.0
"2236 Highland Ave, Birmingham, AL 35205","123 Main St, Anytown, USA",15.0
"2000 Riverchase Galleria, 158, Hoover, AL 35244","123 Main St, Anytown, USA",15.0
"3780 Lorna Rd, Hoover, AL 35244","123 Main St, Anytown, USA",22.5
"5083 Pinnacle Square, Trussville, AL 35235","123 Main St, Anytown, USA",21.0
"1660 Gadsden Hwy, Birmingham, AL 35173","123 Main St, Anytown, USA",22.5
"1907 Center Point Rd, BIRMINGHAM, AL 35215","123 Main St, Anytown, USA",21.0
"1671 Center Point Pkwy Suite 113, Birmingham, AL 35215","123 Main St, Anytown, USA",20.5
"1820 Gadsden Hwy, Birmingham, AL 35235","123 Main St, Anytown, USA",15.0
"4500 Overton Rd, Birmingham, AL 35210-3842","123 Main St, Anytown, USA",25.0
"9870 Parkway East, Birmingham, AL 35215","123 Main St, Anytown, USA",20.0
"5083 Pinnacle Sq, Birmingham, AL 35173","123 Main St, Anytown, USA",15.0
"5881 Trussville Crossings Blvd, Birmingham, AL 35235","123 Main St, Anytown, USA",15.0
"1808 Gadsden Highway, Birmingham, AL 35235","123 Main St, Anytown, USA",24.5
"3720 Mary Taylor Road, Birmingham, AL 35235","123 Main St, Anytown, USA",22.5
"5915 Trussville Crossing Parkway, AL 35173","123 Main St, Anytown, USA",19.5
"1600 Morris Avenue, Fultondale, AL 35068","123 Main St, Anytown, USA",15.0
"5029 Pinnacle Square, Birmingham, AL 35173","123 Main St, Anytown, USA",23.0
"7718 Crestwood Boulevard, Birmingham, AL 35210","123 Main St, Anytown, USA",19.5
"996 Forestdale Blvd, AL 35214","123 Main St, Anytown, USA",21.5
"1600 Main St, Fultondale, AL 35068","123 Main St, Anytown, USA",15.0
"1031 Montgomery Highway Suite 123, Vestavia Hills, AL 35216","123 Main St, Anytown, USA",15.0
"2103 Center Point Pkwy, Birmingham, AL 35215","123 Main St, Anytown, USA",22.5
"3525 Roosevelt Blvd, Birmingham, AL 35173","123 Main St, Anytown, USA",22.0
"6805 1st Avenue North, Birmingham, AL 35206","123 Main St, Anytown, USA",25.0
"1801 5th Ave N, Birmingham, AL 35203","123 Main St, Anytown, USA",15.0
"Roebuck Parkway East & Red Lane Rd, Birmingham, AL 35215","123 Main St, Anytown, USA",22.0
"1550 Huffman Road, Center Point, AL 35215","123 Main St, Anytown, USA",15.0
"3147 Green Valley Rd, Vestavia, AL 35243","123 Main St, Anytown, USA",23.5
"1917 Edwards Lake Road, Trussville, AL 35235","123 Main St, Anytown, USA",15.0
"1709 Fulton Rd, Fultondale, AL 35068","123 Main St, Anytown, USA",15.0
"1917 Edwards Lake Road, Trussville, AL 35235","123 Main St, Anytown, USA",15.0
"5029 Pinnacale Square, Birmingham, AL 35235","123 Main St, Anytown, USA",15.0
"5831 1st Avenue North, Birmingham, AL 35212","123 Main St, Anytown, USA",15.0
"1709 Fulton Rd, Fultondale, AL 35068","123 Main St, Anytown, USA",15.0
"4710 Norrell Drive, Trussville, AL 35173","123 Main St, Anytown, USA",15.0
"2505 Center Point Parkway, Birmingham, AL 35215","123 Main St, Anytown, USA",21.5
"312 Main St, Trussville, AL 35173","123 Main St, Anytown, USA",23.5
"9345 Parkway E, Birmingham, AL 35215","123 Main St, Anytown, USA",23.0
"1680 Montclair Rd Suite 400, Birmingham, AL 35210","123 Main St, Anytown, USA",15.0
"4655 Center Point Road, Pinson, AL 35126","123 Main St, Anytown, USA",18.5
"4468 Centerpoint Pkwy, Pinson, AL 35126","123 Main St, Anytown, USA",15.0
"9248 Parkway E, Birmingham, AL 35206","123 Main St, Anytown, USA",22.5
"3833 E Lake Blvd, Birmingham, AL 35217","123 Main St, Anytown, USA",21.0
"5800 Valley Rd, Suite 110, Trusville, AL 35173","123 Main St, Anytown, USA",20.5
"Springs At Trussville Street, Center Point, AL 35235","123 Main St, Anytown, USA",23.5
"1905 Edwards Lake Road, Birmingham, AL 35235","123 Main St, Anytown, USA",24.0
"4655 Center Point Road, Pinson, AL 35126","123 Main St, Anytown, USA",15.0
"6400 1st Ave N, Birmingham, AL 35212","123 Main St, Anytown, USA",24.0
"2400 Center Point Parkway, Birmingham, AL 35215","123 Main St, Anytown, USA",15.0
"5974 Chalkville Mountain Road, Trussville, AL 35235","123 Main St, Anytown, USA",15.0
"5915 Trussville Crossings Pkwy, Birmingham, AL 35235","123 Main St, Anytown, USA",15.0
"430 41st Street South, Birmingham, AL 35222","123 Main St, Anytown, USA",15.0
"1254 Center Point Pkwy, Birmingham, AL 35215","123 Main St, Anytown, USA",15.0
"2030 Village Drive, Moody, AL 35004","123 Main St, Anytown, USA",15.0
"1146 Brewster Road, Birmingham, AL 35235","123 Main St, Anytown, USA",15.0
"5961 Chalkville Mountain Lane, Birmingham, AL 35235","123 Main St, Anytown, USA",15.0
"821 Windover Road, Birmingham, AL 35215","123 Main St, Anytown, USA",15.0
"7724 Ludington Lane, Birmingham, AL 35210","123 Main St, Anytown, USA",22.0
"550 Fieldstown Rd, Gardendale, AL 35071","123 Main St, Anytown, USA",15.0
"1679 Center Point Pkwy, AL 35215","123 Main St, Anytown, USA",15.0
"5614 Chalkville Mountain Road, Birmingham, AL 35235","123 Main St, Anytown, USA",23.5
"357 Walker Chapel Plz, Fultondale, AL 35068","123 Main St, Anytown, USA",22.0
"1465 Gadsden Hwy, Birmingham, AL 35235","123 Main St, Anytown, USA",20.5
"465 Main Street, TRUSSVILLE, AL 35173","123 Main St, Anytown, USA",24.5
"445 Main St, 121, Trussville, AL 35173","123 Main St, Anytown, USA",22.5
"5078 Pinnacle Sq, Trussville, AL 35173","123 Main St, Anytown, USA",23.0
"835 Odum Rd #107, Gardendale, AL 35071","123 Main St, Anytown, USA",15.0
"1820 Gadsden Hwy, Birmingham, AL 35235","123 Main St, Anytown, USA",15.0
"5850 Valley Rd #150, Birmingham, AL 35235","123 Main St, Anytown, USA",15.0
"1309 Forestdale Blvd, BIRMINGHAM, AL 35214","123 Main St, Anytown, USA",21.5
"5701 Veterans Memorial Drive, Adamsville, AL 35005","123 Main St, Anytown, USA",21.5
"213 State Farm Pkwy, Homewood, AL 35209","123 Main St, Anytown, USA",22.0
"3345 Lowery Pkwy, Fultondale, AL 35068","123 Main St, Anytown, USA",24.0
"1141 Forestdale Boulevard, AL 35214","123 Main St, Anytown, USA",24.5
"1484 Forestdale Blvd, Birmingham, AL 35214","123 Main St, Anytown, USA",15.0
"1539 S Main St,, Graysville, AL 35073","123 Main St, Anytown, USA",15.0
"1616 Decatur Hwy, Fultondale, AL 35068","123 Main St, Anytown, USA",15.0
"838 Odum Road, Gardendale, AL 35071","123 Main St, Anytown, USA",15.0
"1620 Forestdale Boulevard, Birmingham, AL 35214","123 Main St, Anytown, USA",15.0
"3387 Lowery Pkwy., Fultondale, AL 35068","123 Main St, Anytown, USA",15.0
"2247 Pelham Pky, Birmingham, AL 35005","123 Main St, Anytown, USA",15.0
"4814 Main Street, Adamsville, AL 35005","123 Main St, Anytown, USA",15.0
"3314 Pelham Parkway, AL 35124","123 Main St, Anytown, USA",15.0
"100 S. Colonial Dr. #1200, Alabaster, AL 35007","123 Main St, Anytown, USA",22.0
"2780 John Hawkins Parkway, Hoover, AL 35244","123 Main St, Anytown, USA",23.0
"2060 Montevallo Road, Leeds, AL 35094","123 Main St, Anytown, USA",15.0
"152 Bowling Lane, Pelham, AL 35124","123 Main St, Anytown, USA",23.5
"728 Main Street, Montevallo, AL 35115","123 Main St, Anytown, USA",15.0
"300 Colonial Parkway , Suite 100, Alabaster, AL 35007","123 Main St, Anytown, USA",24.5
3321 Lorna Rd Birmingham AL 35216,"123 Main St, Anytown, USA",15.0
"3702 Lorna Road, Hoover, AL 35216","123 Main St, Anytown, USA",15.0
"3032 John Hawkins Parkway, 130, Hoover, AL 35244","123 Main St, Anytown, USA",21.0
"3641 Lorna Rd, Birmingham, AL 35216","123 Main St, Anytown, USA",15.0
"3015 Columbiana Rd, Vestavia Hills, AL 35216","123 Main St, Anytown, USA",15.0
"2152 Pelham Pkwy Unit B, AL 35124","123 Main St, Anytown, USA",15.0
"2418 Montevallo Road, Mountain Brook, AL 35223","123 Main St, Anytown, USA",20.0
"2720 7th Ave. S, Birmingham, AL 35233","123 Main St, Anytown, USA",23.5
"418 West Valley Avenue, HOMEWOOD, AL 35040","123 Main St, Anytown, USA",22.5
"1081 Jemison Lane, Mountain Brook, AL 35223","123 Main St, Anytown, USA",15.0
"3020 Clairmont Ave S, Birmingham, AL 35205","123 Main St, Anytown, USA",22.5
"531 Brookwood Village, Homewood, AL 35209","123 Main St, Anytown, USA",15.0
 4476 MontevAL,"123 Main St, Anytown, USA",22.5
"1919 11th Ave South, Suite 200, Birmingham, AL 35205","123 Main St, Anytown, USA",23.5
"1830 29th Ave S, Homewood, AL 35209","123 Main St, Anytown, USA",24.0
"2124 7th Ave S, Birmingham, AL 35233","123 Main St, Anytown, USA",21.0
"4020 Messer Airport Hwy, Birmingham, AL 35222","123 Main St, Anytown, USA",18.5
"2016 5th Ave S, Birmingham, AL 35233","123 Main St, Anytown, USA",23.0
"124 Green Springs Hwy., BIRMINGHAM, AL 35209","123 Main St, Anytown, USA",15.0
"The Summit313 Summit Blvd., Birmingham, AL 35243","123 Main St, Anytown, USA",15.0
"1207 20th St S, Birmingham, AL 35205","123 Main St, Anytown, USA",21.5
"828 Green Springs Highway, Birmingham, AL 35209","123 Main St, Anytown, USA",23.0
"612 22nd St S, Birmingham, AL 35233","123 Main St, Anytown, USA",15.0
"4201 Richard Arrington Junior Boulevard North, Birmingham, AL 35212","123 Main St, Anytown, USA",15.0
"4863 Promenade Pkwy Suite 910, Bessemer, AL 35022","123 Main St, Anytown, USA",15.0
"1051 Amber Drive , Suite 100, Hoover, AL 35244","123 Main St, Anytown, USA",22.0
"4673 Hwy 280, Birmingham, AL 35223","123 Main St, Anytown, USA",24.5
"5037 Hwy 280, Suite 101,, Hoover,, AL 35242","123 Main St, Anytown, USA",15.0
"1304 Montgomery Hwy, Vestavia Hills, AL 35216","123 Main St, Anytown, USA",15.0
"21 Weatherly Club Dr, Alabaster, AL 35007","123 Main St, Anytown, USA",15.0
"5291 Valleydale Road, Birmingham, AL 35242","123 Main St, Anytown, USA",24.0
"3489 Lowery Pkwy, Fultondale, AL 35068","123 Main St, Anytown, USA",15.0
"308 20th St South , Suite 100, Birmingham, AL 35233","123 Main St, Anytown, USA",24.0
"2504 Crestwood Blvd., Irondale, AL 35210","123 Main St, Anytown, USA",15.0
"1826 3rd Ave N, Birmingham, AL 35203","123 Main St, Anytown, USA",15.0
"2105 Richard Arrington Blvd N, Birmingham, AL 35203","123 Main St, Anytown, USA",17.0
"170 Inverness Plaza, Birmingham, AL 35242","123 Main St, Anytown, USA",15.0
"2612  Lane Park Road, Mountain Brook Village, AL 35223","123 Main St, Anytown, USA",15.0
"810 Saint Vincents Drive, Birmingham, AL 35205","123 Main St, Anytown, USA",15.0
"808 Green Springs Highway, Homewood, AL 35209","123 Main St, Anytown, USA",15.0
"1483 Gadsden Hwy #1312, Birmingham, AL 35235","123 Main St, Anytown, USA",22.5
"4710 Norrell Drive, Trussville, AL 35173","123 Main St, Anytown, USA",22.0
"2801 7th Ave S, Birmingham, AL 35233","123 Main St, Anytown, USA",23.0
"1137 Arkadelphia Road, Birmingham, AL 35204","123 Main St, Anytown, USA",15.0
"9400 Parkway E, Birmingham, AL 35215","123 Main St, Anytown, USA",15.0
"1880 Gadsden Hwy, Trussville, AL 35235","123 Main St, Anytown, USA",15.0
"7270 Gadsden Highway, Trussville, AL 35173","123 Main St, Anytown, USA",21.5
"291 Rele Street, Mountain Brook, AL 35223","123 Main St, Anytown, USA",24.0
"2012 Magnolia Avenue South R3, Birmingham, AL 35205","123 Main St, Anytown, USA",24.0
"314 Main Street, Trussville, AL 35173","123 Main St, Anytown, USA",24.5
"219 29th St S, Birmingham, AL 35233","123 Main St, Anytown, USA",24.0
"655 Fieldstown Road , Suite #158, Gardendale, AL 35071","123 Main St, Anytown, USA",21.5
"11967 Liberty Pkwy, Vestavia Hills, AL 35242","123 Main St, Anytown, USA",15.0
"1210 20th St S, Birmingham, AL 35205","123 Main St, Anytown, USA",22.0
"5123 Pinson Valley Parkway, Birmingham, AL 35215","123 Main St, Anytown, USA",15.0
"5083 Pinnacle Sq., Birmingham, AL 35173","123 Main St, Anytown, USA",15.0
"400 41st St S, 102 Birmingham, AL 35222","123 Main St, Anytown, USA",24.5
"208 Green Springs Avenue South, Birmingham, AL 35205","123 Main St, Anytown, USA",15.0
"4520 Overton Road, Birmingham, AL 35210","123 Main St, Anytown, USA",15.0
"2143 Sweeney Hollow Road, Birmingham, AL 35215","123 Main St, Anytown, USA",15.0
"1865 Pebble Lake Dr, Birmingham, AL 35235","123 Main St, Anytown, USA",15.0
"120 19th St N , Birmingham, AL 35203","123 Main St, Anytown, USA",15.0
"3220 Morrow Rd, Birmingham, AL 35235","123 Main St, Anytown, USA",24.5
"1819 5th Avenue North, Birmingham, AL 35203","123 Main St, Anytown, USA",22.5
"6665 Highway 75, PINSON, AL 35040","123 Main St, Anytown, USA",15.0
"401 19th St S, Birmingham, AL 35233","123 Main St, Anytown, USA",25.0
"2831 19th Street So, Homewood, AL 35209","123 Main St, Anytown, USA",22.0
"6662 Highway 75, STE 109, Pinson, AL 35126","123 Main St, Anytown, USA",15.0
"26600 Highway 31, Jamison, AL 35085","123 Main St, Anytown, USA",15.0
"14 Rex Ln, Adamsville, AL 35005","123 Main St, Anytown, USA",15.0
"108 Park Road Corner Of Pleasant Grove Road, AL 35040","123 Main St, Anytown, USA",15.0
"1801 4th Ave S, Birmingham, AL 35233","123 Main St, Anytown, USA",22.0
"5704 Birmingport Rd, Sylvan Springs, AL 35118","123 Main St, Anytown, USA",15.0
"5951 Warrior River Road, Bessemer, AL 35023","123 Main St, Anytown, USA",15.0
"1801 4th Avenue South, Suite 109, Birmingham, AL 35233","123 Main St, Anytown, USA",21.0
"406 W Valley Ave,, Homewood, AL 35209","123 Main St, Anytown, USA",15.0
"251 Summit Parkway, Homewood, AL 35209","123 Main St, Anytown, USA",15.0
"1450 Beauty Cir, Birmingham, AL 35214","123 Main St, Anytown, USA",15.0
"224 Daniel Payne Drive, Birmingham, AL 35207","123 Main St, Anytown, USA",15.0
"300 20th St S, Birmingham, AL 35233","123 Main St, Anytown, USA",22.0
"824 3rd Ave North, Birmingham, AL 35203","123 Main St, Anytown, USA",20.0
"841 Odum Rd Ste 101, Gardendale, AL 35071","123 Main St, Anytown, USA",15.0
"9170 Parkway E, Birmingham, AL 35206","123 Main St, Anytown, USA",23.0
"2100 7th Ave S, Birmingham, AL 35233","123 Main St, Anytown, USA",22.0
"180 Inverness Plaza, Birmingham, AL 35242","123 Main St, Anytown, USA",23.5
"5231 Highway 280 South, Birmingham, AL 35242","123 Main St, Anytown, USA",23.0
"4105 4th Ave S, Birmingham, AL 35222","123 Main St, Anytown, USA",23.0
"1501 5th Avenue S, BIRMINGHAM, AL 35233","123 Main St, Anytown, USA",21.5
"1017 20th St S, Birmingham, AL 35205","123 Main St, Anytown, USA",23.0
"4744 Avenue S, Birmingham, AL 35208","123 Main St, Anytown, USA",15.0
"4414 4th Ave 5, Birmingham, AL 35222","123 Main St, Anytown, USA",15.0
"2735 John Hawkins Pkwy, Hoover, AL 35244","123 Main St, Anytown, USA",22.5
"1851 Montgomery Highway, Hoover, AL 35244","123 Main St, Anytown, USA",23.0
"485 Southland Drive, Hoover, AL 35216","123 Main St, Anytown, USA",22.5
"4977 Promenade Parkway , Suite 121, Bessemer, AL 35022","123 Main St, Anytown, USA",21.5
"250 Summit Blvd, Birmingham, AL 35243","123 Main St, Anytown, USA",24.0
"1024 20th Street South Unit 101, Birmingham, AL 35205","123 Main St, Anytown, USA",15.0
"3660 Grandview Parkway, Birmingham, AL 35243","123 Main St, Anytown, USA",15.0
"1960 Braddock Dr., Hoover, AL 35226","123 Main St, Anytown, USA",15.0
"1159 Bankhead Highway West, Birmingham, AL 35204","123 Main St, Anytown, USA",15.0
"2531 Rocky Ridge Rd, Vestavia Hills, AL 35243","123 Main St, Anytown, USA",15.0
"2733 8th Ave, BIRMINGHAM, AL 35233","123 Main St, Anytown, USA",21.0
"2907 Central Ave, Homewood, AL 35209","123 Main St, Anytown, USA",15.0
"2737 Highway 280, Mountain Brook, AL 35223","123 Main St, Anytown, USA",23.5
"4673 Highway 280, Birmingham, AL 35242","123 Main St, Anytown, USA",22.0
"384 Palisades Blvd, Birmingham, AL 35209","123 Main St, Anytown, USA",22.5
"1429 11th Avenue South, Birmingham, AL 35205","123 Main St, Anytown, USA",21.0
"2727 Highway 280, Birmingham, AL 35223","123 Main St, Anytown, USA",22.5
"2701 18th Street South, Homewood, AL 35209","123 Main St, Anytown, USA",23.0
"1530 Montclair Rd, Birmingham, AL 35210","123 Main St, Anytown, USA",22.0
"5243 Highway 280, Birmingham, AL 35242","123 Main St, Anytown, USA",15.0
"2700 University Blvd, Birmingham, AL 35233","123 Main St, Anytown, USA",24.5
"14 Perimeter Park Street, Birmingham, AL 35243","123 Main St, Anytown, USA",23.0
"225 Country Club Park, Birmingham, AL 35213","123 Main St, Anytown, USA",24.5
"1540 Montclair Road, Birmingham, AL 35210","123 Main St, Anytown, USA",24.0
"2902 18th St S, Birmingham, AL 35209","123 Main St, Anytown, USA",15.0
"514 16th Street South, Birmingham, AL 35233","123 Main St, Anytown, USA",22.5
"5363 U.S. 280 Ste B100, Birmingham, AL 35242","123 Main St, Anytown, USA",22.5
"207a 20th St N, Birmingham, AL 35203","123 Main St, Anytown, USA",15.0
"323 20th St N, Birmingham, AL 35203","123 Main St, Anytown, USA",15.0
"341 Palisades Boulevard, Birmingham, AL 35209","123 Main St, Anytown, USA",15.0
"731 29th St S, Birmingham, AL 35233","123 Main St, Anytown, USA",15.0
"4647 Hwy. 280 S, Birmingham, AL 35242","123 Main St, Anytown, USA",15.0
"3160 Cahaba Heights Rd, Vestavia Hills, AL 35243","123 Main St, Anytown, USA",15.0
"2311 Richard Arrington Jr Blvd N # 100, Birmingham, AL 35203","123 Main St, Anytown, USA",15.0
"2820 Richard Arrington Jr Blvd N, Birmingham, AL 35203","123 Main St, Anytown, USA",15.0
"1360 Montgomery Hwy, Vestavia, AL 35216","123 Main St, Anytown, USA",15.0
"719 5th Avenue North, Birmingham, AL 35203","123 Main St, Anytown, USA",15.0
"610 3rd Avenue West, Birmingham, AL 35204","123 Main St, Anytown, USA",15.0
"3660 Grandview Parkway, Birmingham, AL 35243","123 Main St, Anytown, USA",15.0
"2608 Highland Avenue, Birmingham, AL 35205","123 Main St, Anytown, USA",15.0
"14 Perimeter Park South, Birmingham, AL 35243","123 Main St, Anytown, USA",15.0
"2916 18th St S, Birmingham, AL 35209","123 Main St, Anytown, USA",15.0
"3425 6th Ave S, Birmingham, AL 35222","123 Main St, Anytown, USA",15.0
"217 22nd Street North, Birmingham, AL 35203","123 Main St, Anytown, USA",15.0
"4133 White Oak Dr, Birmingham, AL 35243","123 Main St, Anytown, USA",15.0
"2231 Bessemer Rd, Birmingham, AL 35208","123 Main St, Anytown, USA",15.0
"1928 1st Avenue North, Birmingham, AL 35203","123 Main St, Anytown, USA",15.0
"2304 10th Ter S, Birmingham, AL 35205","123 Main St, Anytown, USA",15.0
"2225 2nd Avenue North, Birmingham, AL 35203","123 Main St, Anytown, USA",15.0
"1701 Morris Avenue, Birmingham, AL 35203","123 Main St, Anytown, USA",15.0
"2900 4th Ave S, Birmingham, AL 35233","123 Main St, Anytown, USA",15.0
"1000 14th St S, Birmingham, AL 35205","123 Main St, Anytown, USA",15.0
"104 17th St N, Birmingham, AL 35203","123 Main St, Anytown, USA",15.0
"1928 1st Avenue North, Birmingham, AL 35203","123 Main St, Anytown, USA",15.0
"10 6th Avenue South, Birmingham, AL 35205","123 Main St, Anytown, USA",15.0
"81 Church St, Ste 104, Mountain Brook, AL 35213","123 Main St, Anytown, USA",15.0
"718 Graymont Avenue North, Birmingham, AL 35203","123 Main St, Anytown, USA",15.0
"715 18th St N, Birmingham, AL 35203","123 Main St, Anytown, USA",15.0
"2260 9th Avenue North, Birmingham, AL 35203","123 Main St, Anytown, USA",15.0
"113 20th St N, Birmingham, AL 35203","123 Main St, Anytown, USA",15.0
"725 29th St S, Birmingham, AL 35233","123 Main St, Anytown, USA",24.0
"2837 Cahaba Rd, Mountain Brk, AL 35223","123 Main St, Anytown, USA",24.0
"321 17th St N, Birmingham, AL 35203","123 Main St, Anytown, USA",15.0
"2125 2nd Ave N, Birmingham, AL 35203","123 Main St, Anytown, USA",15.0
"1928 Vanderbilt Road, Birmingham, AL 35234","123 Main St, Anytown, USA",15.0
"14 Perimeter Park Street, Birmingham, AL 35243","123 Main St, Anytown, USA",15.0
"6401 Tattersall Dr, Hoover, AL 35242","123 Main St, Anytown, USA",23.5
"5409 Hwy 280, Hoover, AL 35242","123 Main St, Anytown, USA",24.0
"1801 4th Avenue South, Birmingham, AL 35233","123 Main St, Anytown, USA",23.0
"2808 7th Avenue South, Unit 109, Birmingham, AL 35233","123 Main St, Anytown, USA",15.0
"4635 Us-280, Birmingham, AL 35242","123 Main St, Anytown, USA",15.0
"1116 Lomb Avenue, Birmingham, AL 35211","123 Main St, Anytown, USA",15.0
"2 Dexter Avenue, Mountain Brook, AL 35213","123 Main St, Anytown, USA",15.0
"2201 4th Place West, Birmingham, AL 35204","123 Main St, Anytown, USA",15.0
"1100 Forestdale Boulevard, Birmingham, AL 35214","123 Main St, Anytown, USA",15.0
"14 Green Springs Highway, Birmingham, AL 35209","123 Main St, Anytown, USA",15.0
"5220 Oporto Madrid Blvd S, Birmingham, AL 35210","123 Main St, Anytown, USA",15.0
"4503 Riverview Pkwy, Birmingham, AL 35242","123 Main St, Anytown, USA",23.0
"1024 20th Street South, Unit 101, Birmingham, AL 35205","123 Main St, Anytown, USA",15.0
"4500 Montevallo Rd, Irondale, AL 35210","123 Main St, Anytown, USA",15.0
"3310 Clairmont Ave S, Birmingham, AL 35222","123 Main St, Anytown, USA",15.0
"1101 3rd Avenue West, Birmingham, AL 35204","123 Main St, Anytown, USA",15.0
"64 Church Street, Mountain Brook, AL 35213","123 Main St, Anytown, USA",23.5
"3150 Overton Rd, Mountain Brook, AL 35223","123 Main St, Anytown, USA",15.0
"3000 Meadow Lake Dr, Birmingham, AL 35242","123 Main St, Anytown, USA",15.0
"5705 Chalkville Road, BIRMINGHAM, AL 35040","123 Main St, Anytown, USA",15.0
"1632 Montclair Road, Suite 500, BIRMINGHAM, AL 35210","123 Main St, Anytown, USA",15.0
"4744 Avenue S, Birmingham, AL 35208","123 Main St, Anytown, USA",15.0
"2510 19th Street North, Hueytown, AL 35023","123 Main St, Anytown, USA",15.0
"3305 Lorna Rd, Hoover, AL 35216","123 Main St, Anytown, USA",15.0
"3018 Allison Bonnett Drive, HUEYTOWN, AL 35040","123 Main St, Anytown, USA",15.0
"148 Brooklane Drive, Hueytown, AL 35023","123 Main St, Anytown, USA",15.0
"1371 Bessemer Road, Birmingham, AL 35208","123 Main St, Anytown, USA",15.0
"4933 Promenade Pkwy. Ste. 133, Bessemer, AL 35022","123 Main St, Anytown, USA",15.0
"5083 Pinnacle Sq., Birmingham, AL 35173","123 Main St, Anytown, USA",15.0
"2400 Center Point Parkway, Birmingham, AL 35215","123 Main St, Anytown, USA",15.0
"1100 Forestdale Boulevard, Birmingham, AL 35214","123 Main St, Anytown, USA",15.0
"5506 Crestwood Blvd, Birmingham, AL 35212","123 Main St, Anytown, USA",15.0
"208 Green Springs Avenue South, Birmingham, AL 35205","123 Main St, Anytown, USA",15.0
"5426 Us-280, Birmingham, AL 35242","123 Main St, Anytown, USA",15.0
"329 Summit Blvd, Birmingham, AL 35243","123 Main St, Anytown, USA",15.0
"101 Resource Center Parkway, Birmingham, AL 35242","123 Main St, Anytown, USA",23.0
"4815 Bell Hill Rd, Bessemer, AL 35022","123 Main St, Anytown, USA",15.0
"1100 Forestdale Blvd., Birminham, AL 75243","123 Main St, Anytown, USA",15.0
"4744 Avenue S, Birmingham, AL 35208","123 Main St, Anytown, USA",15.0
"30 Coalmont Rd, Helena, AL 35080","123 Main St, Anytown, USA",15.0
"2312 John Hawkins Parkway, Birmingham, AL 35244","123 Main St, Anytown, USA",21.0
"2258 Pelham Pkwy, AL 35124-1376","123 Main St, Anytown, USA",25.0
"1431 11th Avenue South, BIRMINGHAM, AL 35040","123 Main St, Anytown, USA",23.0
"3965 Crosshaven Drive, Birmingham, AL 35243","123 Main St, Anytown, USA",15.0
"3000 Riverchase Galleria Space E, Hoover, AL 35244","123 Main St, Anytown, USA",15.0
"103 Inverness Corners, Hoover, AL 35242","123 Main St, Anytown, USA",23.0
"1548 Montclair Rd, Birmingham, AL 35210","123 Main St, Anytown, USA",22.0
"2720 7th Ave S, Birmingham, AL 35233","123 Main St, Anytown, USA",15.0
"270 Doug Baker Blvd, Birmingham, AL 35242","123 Main St, Anytown, USA",15.0
"708 Montgomery Highway Suite 116, Vestavia Hills, AL 35216","123 Main St, Anytown, USA",23.5
"16 14th Street South, Birmingham, AL 35233","123 Main St, Anytown, USA",22.5
"3056 Healthy Way Ste 140, Vestavia Hills, AL 35243","123 Main St, Anytown, USA",15.0
"1600 Montclair Rd, Irondale, AL 35210","123 Main St, Anytown, USA",23.0
"241 20th Street South, Birmingham, AL 35233","123 Main St, Anytown, USA",15.0
"1371 Bessemer Road, Birmingham, AL 35208","123 Main St, Anytown, USA",15.0
"195 Vulcan Road , Homewood, AL 35209","123 Main St, Anytown, USA",15.0
"69 Church St, Mountain Brk, AL 35213","123 Main St, Anytown, USA",15.0
"1800 20th Street Ensley, Birmingham, AL 35218","123 Main St, Anytown, USA",15.0
"1821 2nd Avenue North, Birmingham, AL 35203","123 Main St, Anytown, USA",15.0
"1066 Montgomery Hwy, Vestavia Hills, AL 35216","123 Main St, Anytown, USA",15.0
"2218 2nd Avenue North, Birmingham, AL 35203","123 Main St, Anytown, USA",15.0
"306 Oxmoor Road, Homewood, AL 35209","123 Main St, Anytown, USA",21.0
"5192 Caldwell Mill Road Ste. 107, Hoover, AL 35244","123 Main St, Anytown, USA",15.0
"7748 Crestwood Boulevard, Birmingham, AL 35210","123 Main St, Anytown, USA",22.0
"3303 Clairmont Plaza South, BIRMINGHAM, AL 35040","123 Main St, Anytown, USA",15.0
"3382 Morgan Dr, Birmingham, AL 35216","123 Main St, Anytown, USA",24.5
"201 Walker Chapel Rd, Fultondale, AL 35068","123 Main St, Anytown, USA",15.0
"5426 Hwy 280  Suite 14, Birmingham, AL 35242","123 Main St, Anytown, USA",23.0
"5029 Pinnacle Square, Birmingham, AL 35235","123 Main St, Anytown, USA",20.5
"7 55th Place South, Birmingham, AL 35212","123 Main St, Anytown, USA",15.0
"601 Doug Baker Blvd, 101, Birmingham, AL 35242","123 Main St, Anytown, USA",24.0
"5361 U.S. 280, Birmingham, AL 35242","123 Main St, Anytown, USA",24.0
"3270 Morrow Rd, Birmingham, AL 35235","123 Main St, Anytown, USA",19.5
"101 Inverness Cors, Hoover, AL 35242","123 Main St, Anytown, USA",23.5
"801 3rd Avenue West, Birmingham, AL 35204","123 Main St, Anytown, USA",21.5
"2000 Galleria Circle Space No F, Hoover, AL 35244","123 Main St, Anytown, USA",22.5
"1928 Bessemer Road, Birmingham, AL 35208","123 Main St, Anytown, USA",23.5
"1553 Montgomery Highway, Hoover, AL 35216","123 Main St, Anytown, USA",23.5
"4643 Camp Coleman Rd Ste 105, Trussville, AL 35173","123 Main St, Anytown, USA",15.0
"313 Valley Avenue, Birmingham, AL 35209","123 Main St, Anytown, USA",15.0
"228 Oxmoor Blvd, Homewood, AL 35209-4737","123 Main St, Anytown, USA",19.5
"5947 Chalkville Mountain Rd, Trussville, AL 35235","123 Main St, Anytown, USA",15.0
"2101 Richard Arrington Jr Blvd S, Birmingham, AL 35209","123 Main St, Anytown, USA",21.5
3321 Lorna Rd Birmingham AL 35216,"123 Main St, Anytown, USA",15.0
"1024 20th Street South Unit 101, Birmingham, AL 35205","123 Main St, Anytown, USA",15.0
"3020 John Hawkins Pkwy, Hoover, AL 35244","123 Main St, Anytown, USA",24.0
"1790 Riverchase Drive, Hoover, AL 35244","123 Main St, Anytown, USA",23.5
